"BUILDING_KEY","FLOOR","FLOOR_KEY","EXT_GROSS_AREA","ASSIGNABLE_AREA","NON_ASSIGNABLE_AREA","FLOOR_SORT_SEQUENCE","LEVEL_ID","BUILDING_WINGS_ID","ACCESS_LEVEL","WAREHOUSE_LOAD_DATE"
"54","18","54-18",5855.69,3461,1663.76,"18","18","","2",28-OCT-24
"54","19","54-19",5855.69,660.83,4518.77,"19","19","","2",28-OCT-24
"N57","5","N57-5",9057.93,8264.47,417.1,"5","5","","2",28-OCT-24
"N57","6","N57-6",249.04,0,206.16,"6","","","2",28-OCT-24
"NE106","3","NE106-3",3694.94,3285.81,0,"3","","","2",28-OCT-24
"NE18","5","NE18-5",13425.78,12175.53,8.42,"5","5","","2",28-OCT-24
"NE18","9","NE18-9",19619.13,15953.53,372.22,"9","9","","2",28-OCT-24
"NE36","6","NE36-6",20889.73,18270,106.89,"6","","","2",28-OCT-24
"NE36","7","NE36-7",22251.66,19115.23,127.23,"7","","","2",28-OCT-24
"NE45","2","NE45-2",8049.06,4444.31,137.96,"2","2","","2",28-OCT-24
"NE47","0","NE47-0",5488.28,3682.28,581.1,"0","0","","2",28-OCT-24
"NE47","1","NE47-1",9349.62,7675.6,340.92,"1","1","","2",28-OCT-24
"NE47","2","NE47-2",15030.98,13189.11,338.72,"2","2","","2",28-OCT-24
"NE47","3","NE47-3",15010.55,13033.7,346.52,"3","3","","2",28-OCT-24
"NE47","4","NE47-4",14197.45,12641.28,352.36,"4","4","","2",28-OCT-24
"NE47","5","NE47-5",14554.21,13027.29,258.39,"5","5","","2",28-OCT-24
"NE48","2","NE48-2",5499.28,4891.27,0,"2","2","","2",28-OCT-24
"NE48","3","NE48-3",8043.73,6396.07,797.4,"3","3","","2",28-OCT-24
"NE48","4","NE48-4",4613.58,3909.49,0,"4","4","","2",28-OCT-24
"NE49","2","NE49-2",25304.92,23208.73,208.61,"2","2","","2",28-OCT-24
"NE49","3","NE49-3",24915.77,24092.43,120.06,"3","3","","2",28-OCT-24
"NE49","4","NE49-4",21428.17,32789.56,110.61,"4","4","","2",28-OCT-24
"NE49","5","NE49-5",22022.42,23795.96,208.47,"5","5","","2",28-OCT-24
"NE83","4","NE83-4",10467.45,8881.06,405.35,"4","4","","2",28-OCT-24
"NE83","5","NE83-5",10328.14,8617.19,468.56,"5","5","","2",28-OCT-24
"NW10","0","NW10-0",30149.49,16846.88,9155.37,"0","0","","2",28-OCT-24
"NW10","1","NW10-1",26729.15,17269.09,5396.33,"1","1","","2",28-OCT-24
"NW10","2","NW10-2",29327.23,19166.57,6507.31,"2","2","","2",28-OCT-24
"NW10","3","NW10-3",29321.97,19144.66,6217.76,"3","3","","2",28-OCT-24
"NW10","4","NW10-4",17001.94,10479.75,3900.04,"4","4","","2",28-OCT-24
"NW12","0","NW12-0",4862.61,3600.47,406.63,"0","0","","2",28-OCT-24
"NW12","1","NW12-1",29726.61,21094.21,5841.89,"1","1","","2",28-OCT-24
"NW12","2","NW12-2",8013.51,5073.28,1937.18,"2","2","","2",28-OCT-24
"NW12","3","NW12-3",7534.13,5085.43,1611.53,"3","3","","2",28-OCT-24
"NW12","4","NW12-4",157.37,0,108.26,"4","4","","2",28-OCT-24
"NW12A","1","NW12A-1",400.83,328.89,0,"1","1","","2",28-OCT-24
"NW13","0","NW13-0",17448.64,12454.29,2891.08,"0","0","","2",28-OCT-24
"NW13","1","NW13-1",21684.17,18245.84,2220.38,"1","1","","2",28-OCT-24
"NW13","2","NW13-2",22612.82,16244.93,4656.57,"2","2","","2",28-OCT-24
"NW13","3","NW13-3",191.48,0,148.37,"3","3","","2",28-OCT-24
"NW14","0","NW14-0",36213.43,28700.35,7205.61,"0","0","","2",28-OCT-24
"NW14","1","NW14-1",33808.88,20938.1,10430.66,"1","1","","2",28-OCT-24
"NW14","2","NW14-2",38807.86,31332.64,4941.83,"2","2","","2",28-OCT-24
"NW14","3","NW14-3",14625.6,8558.58,4453.68,"3","3","","2",28-OCT-24
"NW14","4","NW14-4",9845.29,5864.87,2876.9,"4","4","","2",28-OCT-24
"NW14","5","NW14-5",9918.77,6090.8,2735.78,"5","5","","2",28-OCT-24
"NW14","6","NW14-6",1453.59,0,1341.88,"6","6","","2",28-OCT-24
"NW15","0","NW15-0",8029.44,6799.82,668.25,"0","0","","2",28-OCT-24
"NW15","1","NW15-1",8107.85,7588.76,27.04,"1","1","","2",28-OCT-24
"NW16","0","NW16-0",16100.33,9293.78,5881.51,"0","0","","2",28-OCT-24
"NW16","1","NW16-1",16012.24,10810.27,3611.12,"1","1","","2",28-OCT-24
"NW16","2","NW16-2",17896.86,11005.69,5161.79,"2","2","","2",28-OCT-24
"NW16","3","NW16-3",138.96,0,116.38,"3","3","","2",28-OCT-24
"NW17","0","NW17-0",16348.75,10091.01,4580.67,"0","0","","2",28-OCT-24
"NW17","1","NW17-1",12780.68,8298.61,3721.27,"1","1","","2",28-OCT-24
"NW17","2","NW17-2",16268.03,10098.31,4270.05,"2","2","","2",28-OCT-24
"NW17","3","NW17-3",144.89,0,121.64,"3","","","2",28-OCT-24
"NW20","0","NW20-0",157.58,140.92,0,"0","0","","2",28-OCT-24
"NW20","1","NW20-1",5627.12,5151.06,0,"1","1","","2",28-OCT-24
"NW21","0","NW21-0",42226.13,5274.15,33786.79,"0","0","","2",28-OCT-24
"NW21","1","NW21-1",65807.78,50286.42,9779.75,"1","1","","2",28-OCT-24
"NW21","2","NW21-2",16062.75,9265.51,1431.47,"2","2","","2",28-OCT-24
"NW22","0","NW22-0",16266.66,13260.58,2080.26,"0","0","","2",28-OCT-24
"NW22","1","NW22-1",16348.47,13005.53,1913.33,"1","1","","2",28-OCT-24
"NW22","2","NW22-2",16034.19,13364.46,1556.91,"2","2","","2",28-OCT-24
"NW22","3","NW22-3",352.95,0,99.21,"3","3","","1",28-OCT-24
"NW23","0","NW23-0",16689.89,12085.98,2817.99,"0","0","","2",28-OCT-24
"NW23","1","NW23-1",16919.87,13749.29,1624.05,"1","1","","2",28-OCT-24
"NW23","2","NW23-2",16122.65,13303.59,1417.61,"2","2","","2",28-OCT-24
"NW23","3","NW23-3",1424.44,0,1254.46,"3","3","","1",28-OCT-24
"NW30","0","NW30-0",19937.18,9499.72,7896.51,"0","0","","2",28-OCT-24
"NW30","1","NW30-1",19950.84,12110.87,4905.75,"1","1","","2",28-OCT-24
"NW30","2","NW30-2",19948.24,12583.39,4531.26,"2","2","","2",28-OCT-24
"NW30","3","NW30-3",19948.65,12571.52,4506.99,"3","3","","2",28-OCT-24
"NW30","4","NW30-4",5094.7,3492.65,836.16,"4","4","","2",28-OCT-24
"NW30","5","NW30-5",932.58,30.5,526.59,"5","5","","2",28-OCT-24
"NW32","0","NW32-0",8974.29,5430.31,2307.85,"0","0","","2",28-OCT-24
"NW32","1","NW32-1",6480.02,3746.03,1842.99,"1","1","","2",28-OCT-24
"NW32","2","NW32-2",6184.49,3263.8,1767.99,"2","2","","2",28-OCT-24
"NW32","3","NW32-3",6184.49,4830.88,593.24,"3","3","","2",28-OCT-24
"NW32","4","NW32-4",2229.36,1647.79,219.72,"4","4","","2",28-OCT-24
"NW35","1","NW35-1",56182.41,33259.32,15965.09,"1","1","","2",28-OCT-24
"NW35","2","NW35-2",57633.61,36917.76,12675.02,"2","2","","2",28-OCT-24
"NW35","3","NW35-3",62237.29,39325.94,12633.38,"3","3","","2",28-OCT-24
"NW35","4","NW35-4",38346.79,24457.09,8218.06,"4","4","","2",28-OCT-24
"NW35","5","NW35-5",38347.33,24717.33,8061.47,"5","5","","2",28-OCT-24
"NW36","1","NW36-1",2045.25,1604.82,164.87,"1","","","1",28-OCT-24
"NW38","1","NW38-1",2835,2463.75,65.31,"1","","","1",28-OCT-24
"NW38A","1","NW38A-1",705,420.79,172.72,"1","","","1",28-OCT-24
"NW61","0","NW61-0",7674.18,4477.81,2012.78,"0","0","","2",28-OCT-24
"NW61","1","NW61-1",7919.46,5109.11,1472.58,"1","1","","2",28-OCT-24
"NW61","2","NW61-2",7958.63,5191,1459.06,"2","2","","2",28-OCT-24
"NW61","3","NW61-3",7958.63,5197.8,1451.06,"3","3","","2",28-OCT-24
"NW61","4","NW61-4",7958.63,5187.36,1459.05,"4","4","","2",28-OCT-24
"NW86","1","NW86-1",50758.65,30442.57,13498.75,"1","1","","2",28-OCT-24
"NW86","10","NW86-10",872.44,0,584.77,"10","10","","2",28-OCT-24
"NW86","2","NW86-2",49654.78,35444.2,7620.94,"2","2","","2",28-OCT-24
"NW86","3","NW86-3",51297.81,36486.32,8355.2,"3","3","","2",28-OCT-24
"NW86","4","NW86-4",49551.53,35541.04,7699.45,"4","4","","2",28-OCT-24
"NW86","5","NW86-5",51229.39,36344.63,8254.51,"5","5","","2",28-OCT-24
"NW86","6","NW86-6",36156.12,25590.45,5678.64,"6","6","","2",28-OCT-24
"NW86","7","NW86-7",25188.22,17556.1,4317.04,"7","7","","2",28-OCT-24
"W85","00","W85-00",5674.58,4226.66,660.86,"-1","00","","2",28-OCT-24
"W85","0","W85-0",7628.97,1687.46,4939.16,"0","0","","2",28-OCT-24
"W85","1","W85-1",3101.42,1262.5,1482.23,"1","1","","2",28-OCT-24
"W85","10","W85-10",6492.94,5161.58,1028.2,"10","10","","2",28-OCT-24
"W85","11","W85-11",6492.94,5161.58,1028.2,"11","11","","2",28-OCT-24
"W85","12","W85-12",6492.94,5161.58,1028.2,"12","12","","2",28-OCT-24
"W85","13","W85-13",6492.94,5161.58,1028.2,"13","13","","2",28-OCT-24
"W85","14","W85-14",6492.94,5161.58,1028.2,"14","14","","2",28-OCT-24
"W85","15","W85-15",6492.94,5161.58,1028.2,"15","15","","2",28-OCT-24
"W85","16","W85-16",6492.94,5161.58,1028.2,"16","16","","2",28-OCT-24
"W85","17","W85-17",902.46,0,626.1,"17","17","","2",28-OCT-24
"W85","18","W85-18",902.46,0,552.05,"18","18","","2",28-OCT-24
"W85","2","W85-2",6492.94,5161.58,1028.2,"2","2","","2",28-OCT-24
"W85","3","W85-3",6492.94,5161.58,1026.16,"3","3","","2",28-OCT-24
"W85","4","W85-4",6492.94,5161.58,1028.2,"4","4","","2",28-OCT-24
"W85","5","W85-5",6492.94,5161.58,1028.2,"5","5","","2",28-OCT-24
"W85","6","W85-6",6492.94,5161.58,1028.2,"6","6","","2",28-OCT-24
"W85","7","W85-7",6492.94,5161.58,1028.2,"7","7","","2",28-OCT-24
"W85","8","W85-8",6492.94,5161.58,1028.2,"8","8","","2",28-OCT-24
"W85","9","W85-9",6492.94,5161.58,1028.2,"9","9","","2",28-OCT-24
"W85A","1","W85A-1",1562.14,1173.73,213.46,"1","1","","2",28-OCT-24
"W85A","2","W85A-2",1562.14,1276.05,120.11,"2","2","","2",28-OCT-24
"W85A","3","W85A-3",1562.14,1276.05,120.11,"3","3","","2",28-OCT-24
"W85ABC","1","W85ABC-1",4661.35,3507.36,640.38,"1","1","","2",28-OCT-24
"W85ABC","2","W85ABC-2",4660.84,3813.01,360.98,"2","2","","2",28-OCT-24
"W85ABC","3","W85ABC-3",4661.35,3813.01,360.98,"3","3","","2",28-OCT-24
"W85B","1","W85B-1",1545.38,1167.36,213.46,"1","1","","2",28-OCT-24
"W85B","2","W85B-2",1545.03,1269.12,120.11,"2","2","","2",28-OCT-24
"W85B","3","W85B-3",1545.38,1269.12,120.11,"3","3","","2",28-OCT-24
"W85C","1","W85C-1",1553.83,1166.27,213.46,"1","1","","2",28-OCT-24
"W85C","2","W85C-2",1553.67,1267.84,120.76,"2","2","","2",28-OCT-24
"W85C","3","W85C-3",1553.83,1267.84,120.76,"3","3","","2",28-OCT-24
"W85D","1","W85D-1",1555.9,1167.35,215.73,"1","1","","2",28-OCT-24
"W85D","2","W85D-2",1555.9,1272.87,119.41,"2","2","","2",28-OCT-24
"W85D","3","W85D-3",1555.9,1272.87,119.41,"3","3","","2",28-OCT-24
"W85DE","1","W85DE-1",3106.97,2332.56,429.19,"1","1","","2",28-OCT-24
"W85DE","2","W85DE-2",3106.97,2542.61,237.56,"2","2","","2",28-OCT-24
"W85DE","3","W85DE-3",3106.97,2542.61,237.56,"3","3","","2",28-OCT-24
"W85E","1","W85E-1",1551.07,1165.21,213.46,"1","1","","2",28-OCT-24
"W85E","2","W85E-2",1551.07,1269.74,118.15,"2","2","","2",28-OCT-24
"W85E","3","W85E-3",1551.07,1269.74,118.15,"3","3","","2",28-OCT-24
"W85F","1","W85F-1",1555.9,1167.35,215.73,"1","1","","2",28-OCT-24
"W85F","2","W85F-2",1555.9,1272.87,119.41,"2","2","","2",28-OCT-24
"W85F","3","W85F-3",1555.9,1272.87,119.41,"3","3","","2",28-OCT-24
"W85FG","1","W85FG-1",3106.97,2332.56,429.19,"1","1","","2",28-OCT-24
"W85FG","2","W85FG-2",3106.97,2542.61,237.56,"2","2","","2",28-OCT-24
"W85FG","3","W85FG-3",3106.97,2542.61,237.56,"3","3","","2",28-OCT-24
"W85G","1","W85G-1",1551.07,1165.21,213.46,"1","1","","2",28-OCT-24
"W85G","2","W85G-2",1551.07,1269.74,118.15,"2","2","","2",28-OCT-24
"W85G","3","W85G-3",1551.07,1269.74,118.15,"3","3","","2",28-OCT-24
"W85H","1","W85H-1",1562.13,1173.51,214.11,"1","1","","2",28-OCT-24
"W85H","2","W85H-2",1557.69,1276.69,116.19,"2","2","","2",28-OCT-24
"W85H","3","W85H-3",1557.8,1277.32,115.6,"3","3","","2",28-OCT-24
"W85HJK","1","W85HJK-1",4673.89,3510.07,649.17,"1","1","","2",28-OCT-24
"W85HJK","2","W85HJK-2",4660.68,3821.24,353.62,"2","2","","2",28-OCT-24
"W85HJK","3","W85HJK-3",4660.9,3818.99,355.61,"3","3","","2",28-OCT-24
"W85J","1","W85J-1",1547.26,1165.38,216.39,"1","1","","2",28-OCT-24
"W85J","2","W85J-2",1542.94,1269.68,117.43,"2","2","","2",28-OCT-24
"W85J","3","W85J-3",1540.5,1266.5,118.09,"3","3","","2",28-OCT-24
"W85K","1","W85K-1",1564.5,1171.18,218.67,"1","1","","2",28-OCT-24
"W85K","2","W85K-2",1560.05,1274.87,120,"2","2","","2",28-OCT-24
"W85K","3","W85K-3",1562.6,1275.17,121.92,"3","3","","2",28-OCT-24
"W91","0","W91-0",2935.88,0,2391.95,"0","0","","1",28-OCT-24
"W91","1","W91-1",23212.49,11357.74,9615.87,"1","1","","1",28-OCT-24
"W91","2","W91-2",9600.11,5528.79,3040.94,"2","2","","1",28-OCT-24
"W92","0","W92-0",29636.43,25523.92,2027.4,"0","0","","2",28-OCT-24
"W92","1","W92-1",28557.98,21627.85,4537.82,"1","1","","2",28-OCT-24
"W92","2","W92-2",28327.25,26796.54,2103.99,"2","2","","2",28-OCT-24
"W97","1","W97-1",17117.3,12201.79,3420.21,"1","1","","1",28-OCT-24
"W97","2","W97-2",13433.49,5924.13,2340.83,"2","2","","1",28-OCT-24
"W98","0","W98-0",13215.65,7381.62,3772.65,"0","0","","2",28-OCT-24
"W98","1","W98-1",12122.54,7262.86,3578.59,"1","1","","2",28-OCT-24
"W98","2","W98-2",12146.8,6929.29,3898.94,"2","2","","2",28-OCT-24
"W98","3","W98-3",12143.97,6987.53,3794.42,"3","3","","2",28-OCT-24
"W98","4","W98-4",12143.97,6551.4,4190.14,"4","4","","2",28-OCT-24
"W98","5","W98-5",12142.87,6833.78,3912.07,"5","5","","2",28-OCT-24
"W98","6","W98-6",8564.94,5430.55,2209.9,"6","6","","0",28-OCT-24
"W98","7","W98-7",143.39,0,119.5,"7","","","1",28-OCT-24
"WW15","0","WW15-0",1865.63,893.05,735.13,"0","0","","2",28-OCT-24
"WW15","1","WW15-1",40280.12,36500.72,2191.05,"1","1","","0",28-OCT-24
"14","4","14-4",15472.45,5264.78,8451.17,"4","4","","2",28-OCT-24
"14","5","14-5",1045.28,309.76,534.72,"5","5","","2",28-OCT-24
"14E","1","14E-1",6443.95,6910.44,711.61,"1","1","","2",28-OCT-24
"14E","2","14E-2",5835.13,3447.52,1778.96,"2","2","","2",28-OCT-24
"14E","3","14E-3",4931.05,3409.69,1479.73,"3","3","","2",28-OCT-24
"14E","4","14E-4",0,0,0,"4","4","","2",28-OCT-24
"14E","5","14E-5",0,0,0,"5","5","","2",28-OCT-24
"14N","1","14N-1",10923.99,5463.85,5926.39,"1","1","","2",28-OCT-24
"14N","2","14N-2",8469.9,5417.21,2357.65,"2","2","","2",28-OCT-24
"14N","3","14N-3",8458.13,4948.98,2518.17,"3","3","","2",28-OCT-24
"14N","4","14N-4",9291.26,5264.78,2786.65,"4","4","","2",28-OCT-24
"14N","5","14N-5",1045.28,309.76,534.72,"5","5","","2",28-OCT-24
"14S","1","14S-1",9359.26,8796.89,6632.45,"1","1","","2",28-OCT-24
"14S","2","14S-2",18685.03,12898.18,4130.92,"2","2","","2",28-OCT-24
"14S","3","14S-3",5217.67,43.85,668.67,"3","3","","2",28-OCT-24
"14S","4","14S-4",6181.19,0,5664.52,"4","4","","2",28-OCT-24
"14W","1","14W-1",5013.14,2850.15,1777.63,"1","1","","2",28-OCT-24
"16","0","16-0",14404.67,2093.2,10778.12,"0","0","","2",28-OCT-24
"16","1","16-1",12569.14,6368.7,5143.03,"1","1","","2",28-OCT-24
"16","2","16-2",12495.42,6991.34,4357.83,"2","2","","2",28-OCT-24
"16","3","16-3",12503.03,6987.19,4432.33,"3","3","","2",28-OCT-24
"16","4","16-4",12374.59,7018.67,4270.02,"4","4","","2",28-OCT-24
"16","5","16-5",12320.55,6964.84,4280.74,"5","5","","2",28-OCT-24
"16","6","16-6",11544.13,7639.27,2883.86,"6","6","","2",28-OCT-24
"16","7","16-7",11544.49,7479.25,3038.99,"7","7","","2",28-OCT-24
"16","8","16-8",11019.2,6349.13,3380.21,"8","8","","0",28-OCT-24
"16","9","16-9",5231.22,0,4365.8,"9","9","","2",28-OCT-24
"17","1","17-1",7310.14,3905.68,2192.44,"1","1","","2",28-OCT-24
"17","2","17-2",7052.59,2459.84,1235.34,"2","2","","2",28-OCT-24
"17","3","17-3",7038.26,0,957.23,"3","3","","2",28-OCT-24
"18","00","18-00",18346.01,4446.2,11950.79,"-1","00","","2",28-OCT-24
"18","0","18-0",22374.83,11026.81,8630.91,"0","0","","2",28-OCT-24
"18","1","18-1",15587.84,9660.14,4012.44,"1","1","","2",28-OCT-24
"18","2","18-2",18251.52,12684.96,3133.15,"2","2","","2",28-OCT-24
"18","3","18-3",18664.85,12629.6,3501.7,"3","3","","2",28-OCT-24
"18","4","18-4",18664.85,12619.22,3531.03,"4","4","","2",28-OCT-24
"18","5","18-5",18664.85,12593.48,3510.48,"5","5","","2",28-OCT-24
"18","6","18-6",3177.35,0,2944.46,"6","6","","2",28-OCT-24
"24","0","24-0",27087.84,17349.6,7504.66,"0","0","","2",28-OCT-24
"24","1","24-1",8598.96,5208.38,2492.3,"1","1","","2",28-OCT-24
"24","2","24-2",8612.19,5550.82,2305.93,"2","2","","2",28-OCT-24
"24","3","24-3",8612.1,5062.09,2750.43,"3","3","","2",28-OCT-24
"24","4","24-4",8612.19,5414.25,2343.93,"4","4","","2",28-OCT-24
"24","5","24-5",8612.19,5433.56,2385.91,"5","5","","2",28-OCT-24
"24","6","24-6",7617.75,4928.71,2160.45,"6","6","","2",28-OCT-24
"24","7","24-7",269.17,0,204.89,"7","7","","2",28-OCT-24
"26","0","26-0",28093.72,11730.17,14174.57,"0","0","","2",28-OCT-24
"26","1","26-1",24415.19,15775.67,6892.3,"1","1","","2",28-OCT-24
"26","2","26-2",18705.39,12588.55,4594.44,"2","2","","2",28-OCT-24
"26","3","26-3",18683.89,12516.68,4646.8,"3","3","","2",28-OCT-24
"26","4","26-4",18730.88,12487.55,4698.8,"4","4","","2",28-OCT-24
"26","5","26-5",18695.09,12521.7,4687.05,"5","5","","2",28-OCT-24
"26","6","26-6",5901.87,2534.76,3008.9,"6","6","","2",28-OCT-24
"26","7","26-7",253.55,0,151.48,"7","7","","2",28-OCT-24
"31","0","31-0",3779.71,300.84,2967.9,"0","0","","2",28-OCT-24
"31","1","31-1",27532.86,20834.67,3769.74,"1","1","","2",28-OCT-24
"31","2","31-2",29138.75,22352.22,4690.87,"2","2","","2",28-OCT-24
"31","3","31-3",15005.64,10203.88,3486.59,"5","3","","2",28-OCT-24
"31","4","31-4",748.78,0,935.77,"6","","","2",28-OCT-24
"32","0","32-0",119216.16,51163.3,55975.83,"0","0","","2",28-OCT-24
"32","1","32-1",49735.02,30534.09,14428.07,"1","1","","3",28-OCT-24
"32","D10","32-D10",1008.69,0,791.97,"10","10","","2",28-OCT-24
"32","G10","32-G10",1097.64,0,916.72,"10","10","","2",28-OCT-24
"32","2","32-2",35338.22,26173.31,5233.16,"2","2","","2",28-OCT-24
"32","3","32-3",47976.86,31267.86,10010.29,"3","3","","2",28-OCT-24
"32","D4","32-D4",20760.29,13229.87,4706.55,"4","4","","2",28-OCT-24
"32","G4","32-G4",27874.54,18950.91,5401.58,"4","4","","2",28-OCT-24
"32","D5","32-D5",14178.11,9291.16,2742.18,"5","5","","2",28-OCT-24
"32","G5","32-G5",22296.49,15804.2,3115.5,"5","5","","2",28-OCT-24
"32","D6","32-D6",16625.3,11619.42,2684.47,"6","6","","2",28-OCT-24
"32","G6","32-G6",18066.6,12329.29,2924.19,"6","6","","2",28-OCT-24
"32","D7","32-D7",13995.87,9360.77,2634.41,"7","7","","2",28-OCT-24
"32","G7","32-G7",16994.44,12786.27,2129.33,"7","7","","2",28-OCT-24
"32","D8","32-D8",15944.39,10996.61,2873.55,"8","8","","2",28-OCT-24
"1","0","1-0",29559.48,18988.66,7376.66,"0","0","","2",28-OCT-24
"1","1","1-1",28011.87,18665.62,7120.25,"1","1","","2",28-OCT-24
"1","2","1-2",28092.69,19030.48,6538.3,"2","2","","2",28-OCT-24
"1","3","1-3",28150.59,19395.59,5907.66,"3","3","","2",28-OCT-24
"1","4","1-4",2224.11,0,1946.61,"4","4","","2",28-OCT-24
"2","0","2-0",30446.77,13870.32,13052.44,"0","0","","2",28-OCT-24
"2","1","2-1",28039.43,16471.63,8044.58,"1","1","","2",28-OCT-24
"2","2","2-2",27808.8,17033.17,7610.55,"2","2","","2",28-OCT-24
"2","3","2-3",28666.95,18337.32,6960.53,"3","3","","2",28-OCT-24
"2","4","2-4",18206.27,7987.46,7385.48,"4","4","","2",28-OCT-24
"3","0","3-0",35182.59,22491.69,9625.12,"0","0","","2",28-OCT-24
"3","1","3-1",31566.79,20550.68,8894.1,"1","1","","2",28-OCT-24
"3","2","3-2",31176.11,20651.9,6772.16,"2","2","","2",28-OCT-24
"3","3","3-3",30133.82,20027.39,7221.96,"3","3","","2",28-OCT-24
"3","4","3-4",32299.42,20989.69,7803.57,"4","4","","2",28-OCT-24
"3","5","3-5",335.47,0,294.91,"5","5","","2",28-OCT-24
"4","0","4-0",33439.69,18358.22,10893.74,"0","0","","2",28-OCT-24
"4","1","4-1",31844.54,19003.6,9013.26,"1","1","","2",28-OCT-24
"4","2","4-2",30767.59,19314.35,7915.06,"2","2","","2",28-OCT-24
"4","3","4-3",30646.67,18261.62,8803.67,"3","3","","2",28-OCT-24
"4","4","4-4",32588.13,21292.08,7024.53,"4","4","","2",28-OCT-24
"4","5","4-5",4126.1,0,3729.97,"5","5","","2",28-OCT-24
"5","0","5-0",16492.6,9433.87,4803.44,"0","0","","2",28-OCT-24
"5","1","5-1",16444.15,10940.98,3532.32,"1","1","","2",28-OCT-24
"5","2","5-2",16369.06,11638.24,3075.13,"2","2","","2",28-OCT-24
"5","3","5-3",16369.19,11198.57,3541.8,"3","3","","2",28-OCT-24
"5","4","5-4",15267.35,11182.33,2380.23,"4","4","","2",28-OCT-24
"6","0","6-0",18976,11530.21,4858.93,"0","0","","2",28-OCT-24
"6","1","6-1",18913.6,11069.76,5483.18,"1","1","","2",28-OCT-24
"6","2","6-2",17340.05,10704.13,3673.7,"2","2","","2",28-OCT-24
"6","3","6-3",16519.47,10133.2,4188.66,"3","3","","2",28-OCT-24
"6","4","6-4",16627.93,10335.41,4222.2,"4","4","","2",28-OCT-24
"6","5","6-5",1868.93,0,1644.54,"5","5","","2",28-OCT-24
"6C","0","6C-0",13767.93,5530.08,6429.87,"0","0","","2",28-OCT-24
"6C","1","6C-1",9186.21,1608.42,7803.13,"1","1","","2",28-OCT-24
"6C","2","6C-2",7121.41,4109.3,1872.79,"2","2","","2",28-OCT-24
"6C","3","6C-3",7475.01,2855.51,3577.24,"3","3","","2",28-OCT-24
"6C","4","6C-4",6839.4,3368.44,2469.25,"4","4","","2",28-OCT-24
"6C","5","6C-5",6898.91,0,5818.26,"5","5","","2",28-OCT-24
"7","0","7-0",21923.12,11240.26,7503.44,"0","0","","2",28-OCT-24
"7","1","7-1",20089.1,9141.18,8775.44,"1","1","","3",28-OCT-24
"7","2","7-2",15621.44,9246.78,4241.33,"2","2","","2",28-OCT-24
"7","3","7-3",15917.31,9148.83,4562.65,"3","3","","2",28-OCT-24
"7","4","7-4",19694.95,11630.72,5777.68,"4","4","","2",28-OCT-24
"7","5","7-5",7121.38,0,5744.87,"5","5","","2",28-OCT-24
"7","6","7-6",186.08,0,135.77,"6","6","","2",28-OCT-24
"7A","1","7A-1",3476.1,2831.32,298.38,"1","1","","2",28-OCT-24
"7A","2","7A-2",3475.99,2411.94,876.65,"3","2","","2",28-OCT-24
"7A","3","7A-3",2898.37,2343.78,295.64,"5","3","","2",28-OCT-24
"7A","4","7A-4",2883.84,2410.62,306.1,"6","4","","2",28-OCT-24
"7A","5","7A-5",2883.84,2410.62,306.1,"7","5","","2",28-OCT-24
"7A","6","7A-6",2883.84,2410.56,305.6,"8","6","","2",28-OCT-24
"8","0","8-0",13717.35,6320.76,5577.28,"0","0","","2",28-OCT-24
"8","1","8-1",13823.78,8420.54,3639.01,"1","1","","2",28-OCT-24
"8","2","8-2",12381.01,7576.3,3366.86,"2","2","","2",28-OCT-24
"8","3","8-3",12380.37,6824.65,4031.97,"3","3","","2",28-OCT-24
"8","4","8-4",12450.7,7778.38,3212.37,"4","4","","2",28-OCT-24
"8","5","8-5",1411.85,0,1278.58,"5","5","","2",28-OCT-24
"9","00","9-00",12457.73,4496.5,6536.46,"-1","00","","2",28-OCT-24
"9","0","9-0",6913.96,2984.54,2902.27,"0","0","","2",28-OCT-24
"9","1","9-1",7713.56,2476.69,4586.44,"1","1","","2",28-OCT-24
"9","2","9-2",12039.93,6849.26,3546.15,"2","2","","2",28-OCT-24
"9","3","9-3",12039.93,7274.23,2935.02,"3","3","","2",28-OCT-24
"9","4","9-4",12039.93,6457.3,3763.75,"4","4","","2",28-OCT-24
"9","5","9-5",11762.06,7752.94,2380.91,"5","5","","2",28-OCT-24
"9","6","9-6",2446.9,504.91,1777.83,"6","6","","2",28-OCT-24
"10","0","10-0",25724.83,13188.01,9693.83,"0","0","","2",28-OCT-24
"10","1","10-1",21744.6,12733.14,7083.75,"1","1","","3",28-OCT-24
"10","2","10-2",18793.57,10783.44,6356.88,"2","2","","2",28-OCT-24
"10","3","10-3",19219.14,12979.82,4424.71,"3","3","","2",28-OCT-24
"10","4","10-4",25458.15,13909.72,8122.24,"4","4","","2",28-OCT-24
"10","5","10-5",11661.6,8772.94,1702.79,"5","5","","2",28-OCT-24
"10","6","10-6",7700.19,5628.15,991.06,"6","6","","2",28-OCT-24
"10","7","10-7",7700.19,5628.27,988.35,"7","7","","2",28-OCT-24
"10","8","10-8",6461.19,1917.33,3561.63,"8","8","","2",28-OCT-24
"11","0","11-0",5143.55,3956.59,645.16,"0","0","","2",28-OCT-24
"11","1","11-1",7592.48,5066.49,1792.89,"1","1","","2",28-OCT-24
"11","2","11-2",5090.92,3593,975.48,"2","2","","2",28-OCT-24
"11","3","11-3",4475.34,3226.9,632.48,"3","3","","2",28-OCT-24
"11","4","11-4",4377.01,3135.84,734.9,"4","4","","2",28-OCT-24
"11","5","11-5",98.08,0,79.17,"5","","","1",28-OCT-24
"12","0","12-0",40422.2,17669.52,19545.84,"0","0","","1",28-OCT-24
"12","1","12-1",36771.4,24568.36,9009.22,"1","1","","1",28-OCT-24
"12","2","12-2",21044.04,0,16906.65,"2","2","","1",28-OCT-24
"12","3","12-3",40125.36,26713.71,10137.7,"3","3","","1",28-OCT-24
"12","4","12-4",27684.77,3173.44,20239.56,"4","4","","1",28-OCT-24
"12","5","12-5",40012.33,22513.29,11257.35,"5","5","","1",28-OCT-24
"12","6","12-6",31716.8,0,30077.85,"6","6","","1",28-OCT-24
"12","7","12-7",1576.76,0,1135.62,"7","","","1",28-OCT-24
"13","0","13-0",14427.04,978.32,11908.15,"0","0","","2",28-OCT-24
"13","1","13-1",21976.16,7563.36,12935.84,"1","1","","2",28-OCT-24
"13","2","13-2",36719.46,21887.34,10578.92,"2","2","","2",28-OCT-24
"13","3","13-3",36719.46,22666.41,12540.53,"3","3","","2",28-OCT-24
"13","4","13-4",36719.46,22284.71,12508.96,"4","4","","2",28-OCT-24
"13","5","13-5",36719.46,20946.29,11790.08,"5","5","","2",28-OCT-24
"13","6","13-6",258.88,0,223.13,"6","6","","1",28-OCT-24
"14","0","14-0",42851.53,28558.54,11678.76,"0","0","","2",28-OCT-24
"14","1","14-1",31740.34,24021.33,15048.08,"1","1","","2",28-OCT-24
"14","2","14-2",32990.06,21762.91,8267.53,"2","2","","2",28-OCT-24
"14","3","14-3",18606.85,8402.52,4666.57,"3","3","","2",28-OCT-24
"76","8","76-8",31179.95,0,30623.1,"8","8","","0",28-OCT-24
"E1","0","E1-0",5829.27,3332.26,1663.86,"0","0","","1",28-OCT-24
"E1","1","E1-1",6003.37,3451.84,1895.77,"1","1","","1",28-OCT-24
"E1","2","E1-2",5156.49,3500.3,960.55,"2","2","","1",28-OCT-24
"E1","3","E1-3",1653.4,1169.22,184.76,"3","3","","2",28-OCT-24
"E2","0","E2-0",12633.33,6968.41,3698.31,"0","0","","2",28-OCT-24
"E2","1","E2-1",12630.8,6184.72,4408.05,"1","1","","2",28-OCT-24
"E2","2","E2-2",12110.74,7412.07,2746.15,"2","2","","2",28-OCT-24
"E2","3","E2-3",12149.24,7324.81,2876.73,"3","3","","2",28-OCT-24
"E2","4","E2-4",11257.54,6446.53,2992.6,"4","4","","2",28-OCT-24
"E2","5","E2-5",2310.1,803.97,756.14,"5","5","","2",28-OCT-24
"E2","6","E2-6",1755.58,1041.81,607.78,"6","6","","2",28-OCT-24
"E14","0","E14-0",33463.85,2591.98,27941.69,"0","0","","2",28-OCT-24
"E14","1","E14-1",26623.94,12001.58,13339.88,"1","1","","2",28-OCT-24
"E14","2","E14-2",20994.92,11294.57,7730,"2","2","","2",28-OCT-24
"E14","3","E14-3",23647.65,14500.55,7335.17,"3","3","","2",28-OCT-24
"E14","4","E14-4",19940.58,10949.93,7149.23,"4","4","","2",28-OCT-24
"E14","5","E14-5",21824.6,12828,6827.75,"5","5","","2",28-OCT-24
"E14","6","E14-6",21272.03,13630.3,5169.37,"6","6","","2",28-OCT-24
"E14","7","E14-7",6107.64,149.31,4826.83,"7","7","","2",28-OCT-24
"E15","0","E15-0",30270.35,16342.39,11824.7,"0","0","","2",28-OCT-24
"E15","1","E15-1",20969.59,12779.22,6652.86,"1","1","","2",28-OCT-24
"E15","2","E15-2",12884.8,8728.56,2748.39,"2","2","","2",28-OCT-24
"E15","3","E15-3",25237.35,20840.53,2713.18,"3","3","","2",28-OCT-24
"E15","4","E15-4",25235.17,20542.43,2895.16,"4","4","","2",28-OCT-24
"E15","5","E15-5",5734.16,0,5263.77,"5","5","","2",28-OCT-24
"E17","0","E17-0",7492.9,2266.03,4608.7,"0","0","","2",28-OCT-24
"E17","1","E17-1",13378.68,8713.47,3314.28,"1","1","","2",28-OCT-24
"E17","2","E17-2",10334.27,7594.17,1460.86,"2","2","","2",28-OCT-24
"E17","3","E17-3",11898.97,9546.81,1097.02,"3","3","","2",28-OCT-24
"E17","4","E17-4",12256.02,10113.14,791.73,"4","4","","2",28-OCT-24
"E17","5","E17-5",11644.72,7101.01,3351.01,"5","5","","2",28-OCT-24
"E17","6","E17-6",7263.92,5831.18,786.18,"6","6","","0",28-OCT-24
"E17","7","E17-7",6207.85,0,5691.72,"7","7","","2",28-OCT-24
"E18","0","E18-0",18907.09,6789.68,10570.14,"0","0","","2",28-OCT-24
"E18","1","E18-1",14134.63,10608.81,2580.04,"1","1","","2",28-OCT-24
"E18","2","E18-2",14796.38,10220.73,3028.28,"2","2","","2",28-OCT-24
"E18","3","E18-3",13236.4,10194.33,1868.21,"3","3","","2",28-OCT-24
"E18","4","E18-4",12558.9,9593.06,2164.25,"4","4","","2",28-OCT-24
"E18","5","E18-5",13572.99,9885.45,2364.58,"5","5","","0",28-OCT-24
"E18","6","E18-6",17982.89,13698.91,2857.18,"6","6","","2",28-OCT-24
"E18","7","E18-7",9880.01,0,15222.47,"7","7","","2",28-OCT-24
"E19","0","E19-0",18476.4,7559.52,9568,"0","0","","2",28-OCT-24
"E19","1","E19-1",19662.66,13444.6,4909.73,"1","1","","2",28-OCT-24
"E19","2","E19-2",18635.59,13796.92,3534.34,"2","2","","2",28-OCT-24
"E19","3","E19-3",18583.22,13820.41,3397.54,"3","3","","2",28-OCT-24
"E19","4","E19-4",18945.51,12064.06,5585.18,"4","4","","2",28-OCT-24
"E19","5","E19-5",18511.38,13481.44,3215.95,"5","5","","2",28-OCT-24
"E19","6","E19-6",18488.28,13566.29,3689.68,"6","6","","2",28-OCT-24
"E19","7","E19-7",18420.9,12178.46,4570.28,"7","7","","2",28-OCT-24
"E19","8","E19-8",937.48,0,821.21,"8","8","","2",28-OCT-24
"E23","0","E23-0",20713.03,8269.69,10206.19,"0","0","","2",28-OCT-24
"E23","1","E23-1",21144.27,13160.81,5449.46,"1","1","","2",28-OCT-24
"E23","2","E23-2",19601.93,14219.14,2787,"2","2","","2",28-OCT-24
"E23","3","E23-3",19668.82,14039.13,3166.57,"3","3","","2",28-OCT-24
"E23","4","E23-4",14340.58,8946.08,3459.91,"4","4","","2",28-OCT-24
"E23","5","E23-5",6387.17,4396.31,891.93,"5","5","","2",28-OCT-24
"E23","6","E23-6",1482.61,0,1265.04,"6","","","2",28-OCT-24
"E25","0","E25-0",29417.02,14611.33,11385.63,"0","0","","0",28-OCT-24
"E25","1","E25-1",28217.74,14209.45,11702.81,"1","1","","2",28-OCT-24
"E25","2","E25-2",18864.69,12069.42,4801.6,"2","2","","2",28-OCT-24
"E25","3","E25-3",19042.01,11687.55,5124.29,"3","3","","2",28-OCT-24
"E25","4","E25-4",18980.53,12395.54,4352.34,"4","4","","2",28-OCT-24
"E25","5","E25-5",18556.05,12394.53,3694.2,"5","5","","2",28-OCT-24
"E25","6","E25-6",18811.93,13141.64,3518.79,"6","6","","2",28-OCT-24
"E25","7","E25-7",4786.39,0,4300.95,"7","7","","2",28-OCT-24
"E28","0","E28-0",1535.5,1416.87,0,"0","","","2",28-OCT-24
"E28","1","E28-1",7408.29,4422.29,0,"1","","","2",28-OCT-24
"E28","2","E28-2",29213.33,22637.52,0,"2","","","2",28-OCT-24
"E28","3","E28-3",29213.33,21018.54,0,"3","","","2",28-OCT-24
"E37","1","E37-1",6976.42,999.59,4497.54,"1","","","1",28-OCT-24
"E37","10","E37-10",13752.14,8735.71,3073.49,"10","","","1",28-OCT-24
"E37","11","E37-11",13752.14,8832.35,2663,"11","","","1",28-OCT-24
"E37","12","E37-12",13752.14,8739.75,2756.65,"12","","","1",28-OCT-24
"E37","13","E37-13",13752.14,8832.35,2663,"13","","","1",28-OCT-24
"E37","14","E37-14",13752.14,8743.38,2754.94,"14","","","1",28-OCT-24
"E37","15","E37-15",13752.14,8832.35,2663,"15","","","1",28-OCT-24
"E37","16","E37-16",13752.14,8739.84,2756.65,"16","","","1",28-OCT-24
"E37","17","E37-17",13752.14,8832.35,2663,"17","","","1",28-OCT-24
"E37","18","E37-18",13752.14,8739.8,2756.9,"18","","","1",28-OCT-24
"E37","19","E37-19",13752.14,8832.35,2626.66,"19","","","1",28-OCT-24
"E37","2","E37-2",10889.66,5877.51,3551.58,"2","","","1",28-OCT-24
"E37","20","E37-20",13752.14,8738.42,2756.9,"20","","","1",28-OCT-24
"E37","21","E37-21",13752.14,8832.35,2663,"21","","","1",28-OCT-24
"E37","22","E37-22",13752.14,8738.46,2756.9,"22","","","1",28-OCT-24
"E37","23","E37-23",13752.14,8832.35,2663,"23","","","1",28-OCT-24
"E37","24","E37-24",13752.14,8744.11,2756.9,"24","","","1",28-OCT-24
"E37","25","E37-25",13752.14,8832.35,2663,"25","","","1",28-OCT-24
"E37","26","E37-26",13752.14,8738.42,2756.9,"26","","","1",28-OCT-24
"E37","27","E37-27",13752.14,8832.35,2663,"27","","","1",28-OCT-24
"E37","28","E37-28",13752.14,8738.42,2756.9,"28","","","1",28-OCT-24
"E37","29","E37-29",17937.95,0,14261.3,"29","","","1",28-OCT-24
"E37","3","E37-3",10908.7,5806.47,3982.16,"3","","","1",28-OCT-24
"E37","30","E37-30",4774.61,0,1445.56,"30","","","1",28-OCT-24
"E37","4","E37-4",22318.82,3829.34,5978.38,"4","","","1",28-OCT-24
"E37","5","E37-5",16049.63,432.43,13159.5,"5","","","1",28-OCT-24
"E37","6","E37-6",16010.41,8835.03,2579.13,"6","","","1",28-OCT-24
"E37","7","E37-7",15998.35,8680.58,2685.29,"7","","","1",28-OCT-24
"E37","8","E37-8",13754.57,8739.51,2756.9,"8","","","1",28-OCT-24
"E37","9","E37-9",13752.14,8832.35,2662.79,"9","","","1",28-OCT-24
"W7","1","W7-1",20408.23,11940.09,5850.23,"1","1","","2",28-OCT-24
"W7","2","W7-2",16225.04,9044.42,5228.43,"2","2","","2",28-OCT-24
"W7","3","W7-3",16465.9,8873.51,5983.99,"3","3","","2",28-OCT-24
"W7","4","W7-4",16909.94,9870.52,5498.52,"4","4","","2",28-OCT-24
"W7","5","W7-5",16929.92,9914.45,5201.71,"5","5","","2",28-OCT-24
"W7","6","W7-6",17119.11,9991.04,5321.98,"6","6","","2",28-OCT-24
"W7","7","W7-7",2490.73,0,1889.75,"7","7","","2",28-OCT-24
"W8","0","W8-0",10900.15,9260.79,1359.4,"0","0","","2",28-OCT-24
"W8","1","W8-1",10810.57,10415.17,5573.4,"1","1","","2",28-OCT-24
"W11","0","W11-0",5733.62,3659.71,1363.29,"0","0","","2",28-OCT-24
"W11","1","W11-1",7856.79,4262.58,2789.01,"1","1","","2",28-OCT-24
"W15","0","W15-0",2459.45,846.01,1331.15,"0","0","","2",28-OCT-24
"W15","1","W15-1",2879.9,1969.9,628.62,"1","1","","2",28-OCT-24
"W16","0","W16-0",22579.13,8410.49,11920.27,"0","0","","2",28-OCT-24
"W16","1","W16-1",17029.86,9613.72,6738.95,"1","1","","2",28-OCT-24
"W16","2","W16-2",2536.99,1731.39,192.34,"2","2","","2",28-OCT-24
"W18","1","W18-1",20392.12,10701.1,6851.15,"1","","","2",28-OCT-24
"W18","2","W18-2",10148.49,11666.28,6440.01,"2","","","2",28-OCT-24
"W18","3","W18-3",6948.76,1600.15,3398.2,"3","","","2",28-OCT-24
"W18","4","W18-4",7711.34,3319.07,1888.71,"4","","","2",28-OCT-24
"W18","5","W18-5",3660,123.83,2823.41,"5","","","2",28-OCT-24
"W18P","0","W18P-0",36186.94,28971.31,3819.79,"1","","","2",28-OCT-24
"W18P","00","W18P-00",31874.16,26839.31,2066.43,"2","","","2",28-OCT-24
"W20","0","W20-0",33951.96,16875.8,13776.92,"0","0","","2",28-OCT-24
"W20","1","W20-1",31212.43,19871.52,9563.43,"1","1","","2",28-OCT-24
"W20","2","W20-2",31286.22,22294.53,7467.85,"2","2","","2",28-OCT-24
"W20","3","W20-3",19029.73,12339.98,7389.62,"3","3","","2",28-OCT-24
"W20","4","W20-4",38283.49,23810.27,12252.02,"4","4","","2",28-OCT-24
"W20","5","W20-5",26252.94,20063.13,4615.17,"5","5","","2",28-OCT-24
"W20","6","W20-6",2192.23,0,1962.96,"6","6","","2",28-OCT-24
"W31","0","W31-0",28172.15,20299.77,4712.66,"0","1","","2",28-OCT-24
"W31","1","W31-1",27864.96,24366.68,1364.57,"1","2","","2",28-OCT-24
"W31","2","W31-2",8064.37,5066.87,1594.7,"2","3","","2",28-OCT-24
"W31","3","W31-3",7342.02,4809.68,1044.96,"3","4","","2",28-OCT-24
"W32","0","W32-0",21732.17,13023.31,6626.78,"0","1","","2",28-OCT-24
"W32","1","W32-1",16868.6,11302.83,3924.8,"1","2","","2",28-OCT-24
"W32","2","W32-2",7977.75,2040.18,4521.72,"2","3","","2",28-OCT-24
"W33","0","W33-0",34427.72,32379.24,594.57,"0","1","","2",28-OCT-24
"W34","1","W34-1",54583.73,31322.28,18905.16,"1","1","","2",28-OCT-24
"W34","2","W34-2",54813.94,50895.64,1838.08,"2","3","","2",28-OCT-24
"W35","0","W35-0",2076.91,0,1161.55,"0","0","","2",28-OCT-24
"W35","1","W35-1",51624.03,40200.38,8567.64,"1","1","","2",28-OCT-24
"W35","2","W35-2",31331.92,20365.37,7967.04,"2","2","","2",28-OCT-24
"W35","3","W35-3",29912.89,15780.82,12024.71,"3","3","","2",28-OCT-24
"W35","4","W35-4",6777.52,0,6627.64,"4","4","","2",28-OCT-24
"W35","5","W35-5",356.77,0,133.74,"5","5","","2",28-OCT-24
"W36","1","W36-1",1098.23,0,853.35,"1","1","","2",28-OCT-24
"W41","0","W41-0",0,0,0,"0","","","2",28-OCT-24
"W41","1","W41-1",0,0,0,"1","","","2",28-OCT-24
"W41","2","W41-2",0,0,0,"2","","","2",28-OCT-24
"W41","3","W41-3",0,0,0,"3","","","2",28-OCT-24
"W41","4","W41-4",0,0,0,"4","","","2",28-OCT-24
"W41","5","W41-5",0,0,0,"5","","","2",28-OCT-24
"W46","1","W46-1",38409.62,24104.35,20269.6,"1","","","1",28-OCT-24
"W46","2","W46-2",30199.23,15379,8977.5,"2","","","1",28-OCT-24
"W46","3","W46-3",34061.16,15384.71,11290.36,"3","","","1",28-OCT-24
"W46","4","W46-4",31775.6,16529.33,9220.23,"4","","","1",28-OCT-24
"W46","5","W46-5",31773.74,15681.9,9220.35,"5","","","1",28-OCT-24
"W46","6","W46-6",11388.32,0,9419.17,"6","","","1",28-OCT-24
"W51","0","W51-0",33084.86,14459.72,13543.48,"0","0","","2",28-OCT-24
"W51","1","W51-1",35610.98,23639.63,7333.2,"1","1","","2",28-OCT-24
"W51","2","W51-2",24617.65,14976.06,5300.91,"2","2","","2",28-OCT-24
"W51","3","W51-3",24618.8,15272.76,5143.36,"3","3","","2",28-OCT-24
"W51","4","W51-4",24619.18,15278.62,5078.93,"4","4","","2",28-OCT-24
"W51","5","W51-5",24618.8,15162.61,5131.33,"5","5","","2",28-OCT-24
"W51","6","W51-6",752.5,0,579.13,"6","6","","2",28-OCT-24
"W51C","0","W51C-0",2254.94,1329.74,591.55,"0","0","","2",28-OCT-24
"W51C","1","W51C-1",2886.9,1930.6,539.87,"1","1","","2",28-OCT-24
"W51C","2","W51C-2",3003,1652.78,888.59,"2","2","","2",28-OCT-24
"W51C","3","W51C-3",3003,1652.78,888.59,"3","3","","2",28-OCT-24
"W51C","4","W51C-4",3003,1652.78,889.84,"4","4","","2",28-OCT-24
"W51C","5","W51C-5",3003,1688.7,851.59,"5","5","","2",28-OCT-24
"W51C","6","W51C-6",132.96,0,91.48,"6","6","","2",28-OCT-24
"W51D","0","W51D-0",1869.55,1202.14,389.72,"0","","","2",28-OCT-24
"W51D","1","W51D-1",2971.43,1840.58,767.15,"1","","","2",28-OCT-24
"W51D","2","W51D-2",2876.3,1456.84,996.18,"2","","","2",28-OCT-24
"W51D","3","W51D-3",2876.3,1453.16,996.59,"3","","","2",28-OCT-24
"W51D","4","W51D-4",2876.3,1456.84,996.59,"4","","","2",28-OCT-24
"W51D","5","W51D-5",2876.3,1491.46,956.42,"5","","","2",28-OCT-24
"W53","1","W53-1",25692.9,24982.22,0,"1","1","","2",28-OCT-24
"W53A","1","W53A-1",1159.47,694.95,259.08,"1","1","","2",28-OCT-24
"W53B","1","W53B-1",140,59.95,61.3,"1","1","","2",28-OCT-24
"W53C","1","W53C-1",253.69,0,219.69,"1","1","","2",28-OCT-24
"W53D","1","W53D-1",141.79,111.46,0,"1","1","","2",28-OCT-24
"W53E","1","W53E-1",98.84,37.03,0,"1","1","","2",28-OCT-24
"W53F","1","W53F-1",193.96,166.88,0,"1","1","","2",28-OCT-24
"W53G","1","W53G-1",48.31,35.31,0,"1","1","","2",28-OCT-24
"W55","1","W55-1",263.84,213.01,18.59,"1","1","","2",28-OCT-24
"W55","2","W55-2",0,0,0,"2","2","","2",28-OCT-24
"W59","0","W59-0",12980.35,7692.22,3769.78,"0","0","","2",28-OCT-24
"W59","1","W59-1",15653.43,11962.21,2125.17,"1","1","","2",28-OCT-24
"W59","2","W59-2",7417.61,5534.83,849.95,"2","2","","2",28-OCT-24
"W61","00","W61-00",12599.15,859.27,7941.09,"-1","00","","2",28-OCT-24
"W61","000","W61-000",6814.12,1984.5,4085.41,"-2","000","","2",28-OCT-24
"W61","0","W61-0",28333.45,13341.4,10859.71,"0","0","","2",28-OCT-24
"W61","1","W61-1",14868.21,9876.49,2265,"1","1","W61E.1 W61F.1 W61G.1 W61H.1 W61J.1 W61M.1","2",28-OCT-24
"W61","10","W61-10",4211.4,2570.47,960.51,"10","10","W61B.1","2",28-OCT-24
"W61","11","W61-11",4211.4,2651.83,927.34,"11","11","W61B.2","2",28-OCT-24
"W61","12","W61-12",4211.4,2570.47,858.2,"12","12","W61B.3","2",28-OCT-24
"W61","13","W61-13",4211.4,2570.47,970.81,"13","13","W61A.1","2",28-OCT-24
"36","3","36-3",14720.94,8611,3892.83,"3","3","","2",28-OCT-24
"36","4","36-4",14702.35,8726.23,4367.03,"4","4","","2",28-OCT-24
"36","5","36-5",14702.35,8777.34,4251.36,"5","5","","2",28-OCT-24
"36","6","36-6",15244.21,8981.53,4510.81,"6","6","","2",28-OCT-24
"36","7","36-7",14525.21,9024.23,3893.91,"7","7","","2",28-OCT-24
"36","8","36-8",14692.86,7852.6,5260.84,"8","8","","2",28-OCT-24
"36","9","36-9",6367.19,0,5788.99,"9","9","","2",28-OCT-24
"37","0","37-0",12144.65,4872.6,5782.96,"0","0","","2",28-OCT-24
"37","1","37-1",10998.08,4411.13,5577.07,"1","1","","2",28-OCT-24
"37","2","37-2",15197.04,8837.47,4952.9,"2","2","","2",28-OCT-24
"37","3","37-3",15161.21,9175.83,3402.99,"3","3","","2",28-OCT-24
"37","4","37-4",15201.44,9301.33,3290.57,"4","4","","2",28-OCT-24
"37","5","37-5",14863.75,9554.34,2807.96,"5","5","","2",28-OCT-24
"37","6","37-6",14876.92,9382.8,2996.35,"6","6","","2",28-OCT-24
"37","7","37-7",4334.37,0,3478.89,"7","7","","2",28-OCT-24
"38","0","38-0",12266.98,6661.92,4579.59,"0","0","","2",28-OCT-24
"38","1","38-1",11276.71,7803.6,2245.37,"1","1","","2",28-OCT-24
"38","2","38-2",11238.82,7846.65,2177.33,"2","2","","2",28-OCT-24
"38","3","38-3",11369.44,8310.16,1952.98,"3","3","","2",28-OCT-24
"38","4","38-4",11253.96,8045.28,1929.21,"4","4","","2",28-OCT-24
"38","5","38-5",11238.54,8904.77,1220.92,"5","5","","2",28-OCT-24
"38","6","38-6",11238.82,8924.1,1245.28,"6","6","","2",28-OCT-24
"38","7","38-7",4117.52,0,3940.03,"7","7","","2",28-OCT-24
"39","0","39-0",4492.81,1698.81,2159.75,"0","0","","2",28-OCT-24
"39","1","39-1",2985.12,652.68,1929.53,"1","1","","2",28-OCT-24
"39","2","39-2",12608.39,8689.06,2942.15,"2","2","","2",28-OCT-24
"39","3","39-3",12514.95,8396.54,3280.03,"3","3","","2",28-OCT-24
"39","4","39-4",12630.57,8412.56,2994.84,"4","4","","2",28-OCT-24
"39","5","39-5",12611.55,7011.14,4334.31,"5","5","","2",28-OCT-24
"39","6","39-6",12609,4530.26,7031.29,"6","6","","2",28-OCT-24
"39","7","39-7",6187.48,0,6032.82,"7","7","","2",28-OCT-24
"41","0","41-0",8106.17,6417.34,1197.33,"0","0","","2",28-OCT-24
"41","1","41-1",8104.94,6686.98,940.88,"1","1","","2",28-OCT-24
"41","2","41-2",8099.58,5747.91,1815.64,"2","2","","2",28-OCT-24
"41","3","41-3",1767.99,1203.64,395.12,"3","3","","2",28-OCT-24
"41","4","41-4",69.51,0,58.79,"4","","","1",28-OCT-24
"42","00","42-00",6933.59,0,5624.48,"-1","00","","2",28-OCT-24
"42","0","42-0",22651.67,2009.14,18773.48,"0","0","","2",28-OCT-24
"42","1","42-1",8508.55,554.75,6345.75,"1","1","","2",28-OCT-24
"42","2","42-2",21281.69,371.74,19319.4,"2","2","","2",28-OCT-24
"42","3","42-3",11912.35,1273.89,9046.9,"3","3","","2",28-OCT-24
"42","3M","42-3M",2751.89,0,2608.68,"4","4","","2",28-OCT-24
"42","4","42-4",1892.76,0,697.92,"5","","","2",28-OCT-24
"42","5","42-5",4541.9,0,4213.77,"6","","","2",28-OCT-24
"42C","0","42C-0",3973.21,0,3555.03,"0","","","1",28-OCT-24
"42C","1","42C-1",21199.74,4500.81,14874.44,"1","","","1",28-OCT-24
"42C","2","42C-2",22096.92,0,21017.02,"2","","","1",28-OCT-24
"42C","3","42C-3",49459.63,2097.55,30905.91,"3","","","1",28-OCT-24
"42C","4","42C-4",5938.26,0,3096.11,"4","","","1",28-OCT-24
"42T","00","42T-00",6253.03,0,4945.51,"-1","00","","2",28-OCT-24
"43","0","43-0",3303.42,0,3047.28,"0","0","","2",28-OCT-24
"43","1","43-1",3327.75,2624.12,433.94,"1","1","","2",28-OCT-24
"43","2","43-2",3742.78,2818.99,616.44,"2","2","","2",28-OCT-24
"45","0","45-0",15741.73,3936.84,10166.49,"0","","","2",28-OCT-24
"45","1","45-1",15432.72,8342.06,5487.14,"1","","","2",28-OCT-24
"45","2","45-2",13552.22,7196.66,5417.67,"2","","","2",28-OCT-24
"45","3","45-3",25222.98,17318.52,6683.69,"3","","","2",28-OCT-24
"45","4","45-4",24428.86,18607.77,4263.36,"4","","","2",28-OCT-24
"45","5","45-5",23783.47,17373.65,4900.32,"5","","","2",28-OCT-24
"45","6","45-6",24445.92,19117.49,4386.03,"6","","","2",28-OCT-24
"45","7","45-7",23807.83,17782.83,4594.59,"7","","","2",28-OCT-24
"45","8","45-8",20450.13,9638.17,9901.9,"8","","","2",28-OCT-24
"45","9","45-9",1267.6,0,1079.39,"9","","","2",28-OCT-24
"46","0","46-0",5343.25,0,4691.42,"0","1","","2",28-OCT-24
"46","1","46-1",39879.64,19367.15,14647.65,"1","1","","2",28-OCT-24
"46","2","46-2",37431.22,18015.31,13636.69,"2","2","","2",28-OCT-24
"46","3","46-3",60312.81,33323.52,20342.32,"3","3","","2",28-OCT-24
"46","4","46-4",60171.98,38233.25,16044.88,"4","4","","2",28-OCT-24
"46","5","46-5",62098.69,40104.24,15421.09,"5","5","","2",28-OCT-24
"46","6","46-6",60257.25,38093.92,15133.18,"6","6","","2",28-OCT-24
"46","7","46-7",57623.06,33389.43,17111.89,"7","7","","0",28-OCT-24
"46","8","46-8",34817.86,0,34638.43,"8","8","","2",28-OCT-24
"46","9","46-9",363.76,0,295.31,"9","9","","2",28-OCT-24
"48","00","48-00",190.56,0,162.25,"-1","00","","2",28-OCT-24
"48","0","48-0",11819.8,6475.41,3903.39,"0","0","","2",28-OCT-24
"48","1","48-1",11460.64,9537.95,1159.16,"1","1","","2",28-OCT-24
"48","2","48-2",9924.37,7095.78,1391.62,"2","2","","2",28-OCT-24
"48","3","48-3",11459.64,7806.56,2029.61,"3","3","","2",28-OCT-24
"48","4","48-4",11266.6,8033.94,1865.54,"4","4","","2",28-OCT-24
"48","5","48-5",1133.85,0,954.98,"5","5","","2",28-OCT-24
"50","0","50-0",23388.34,13127.87,7929.42,"0","0","","2",28-OCT-24
"50","1","50-1",18371.44,13477.83,3525.11,"1","1","","2",28-OCT-24
"50","2","50-2",12513.27,5918.8,5358.11,"2","2","","2",28-OCT-24
"50","3","50-3",18815.29,13873.76,3608.1,"3","3","","2",28-OCT-24
"50","4","50-4",975.23,222.28,338.37,"4","4","","2",28-OCT-24
"51","0","51-0",5220.94,4188.19,619.06,"0","0","","2",28-OCT-24
"51","1","51-1",668.39,262.21,290.63,"1","1","","2",28-OCT-24
"54","00","54-00",7156.04,1267.94,5062.93,"-1","-1","","2",28-OCT-24
"54","0","54-0",842.73,0,666.73,"0","0","","2",28-OCT-24
"54","1","54-1",8893.64,4243.74,3183.64,"1","1","","2",28-OCT-24
"54","10","54-10",5855.69,3595.67,1514.39,"10","10","","2",28-OCT-24
"54","11","54-11",5855.69,3588.44,1512.46,"11","11","","2",28-OCT-24
"54","12","54-12",5855.69,3571.31,1561.35,"12","12","","2",28-OCT-24
"54","13","54-13",5855.69,3640.28,1512.13,"13","13","","2",28-OCT-24
"54","14","54-14",5855.69,3603.01,1511.62,"14","14","","2",28-OCT-24
"54","15","54-15",5855.69,3612.78,1511.62,"15","15","","2",28-OCT-24
"54","16","54-16",5855.69,3839.79,1511.62,"16","16","","2",28-OCT-24
"54","17","54-17",5855.69,3558,1561.68,"17","17","","2",28-OCT-24
"OC32","0","OC32-0",9366.31,6831.32,1748.68,"0","0","","2",28-OCT-24
"OC32","1","OC32-1",9269.07,7981.2,677.11,"1","1","","2",28-OCT-24
"OC32A","1","OC32A-1",1585.32,0,1180.83,"1","1","","2",28-OCT-24
"OC32B","1","OC32B-1",132.03,116.25,0,"1","1","","2",28-OCT-24
"OC33","0","OC33-0",863.5,723.32,8.07,"0","0","","2",28-OCT-24
"OC33","1","OC33-1",11558.25,7948.65,2455.42,"1","1","","2",28-OCT-24
"OC35","1","OC35-1",14484.27,8950.5,4068.84,"1","1","","2",28-OCT-24
"OC35","2","OC35-2",11350,7810.51,2316.39,"2","2","","2",28-OCT-24
"OC36","1","OC36-1",6910.33,4364.63,1851.64,"1","1","","2",28-OCT-24
"OC36A","1","OC36A-1",960,912.58,0,"1","1","","2",28-OCT-24
"OC40","2","OC40-2",1469.02,1469.03,0,"2","2","","2",28-OCT-24
"OC46","1","OC46-1",870,821.53,0,"1","","","1",28-OCT-24
"W1","0","W1-0",33054.34,14613.11,12254.26,"0","0","","2",28-OCT-24
"W1","1","W1-1",26949.26,15744.96,6198.62,"1","1","","2",28-OCT-24
"W1","2","W1-2",25795.36,12819.6,7267.01,"2","2","","2",28-OCT-24
"W1","3","W1-3",25807.01,13384.85,6726.03,"3","3","","2",28-OCT-24
"W1","4","W1-4",25807.01,13019.56,7104.49,"4","4","","2",28-OCT-24
"W1","5","W1-5",25806.99,13371.19,7148.41,"5","5","","2",28-OCT-24
"W1","6","W1-6",25798.46,13819.67,6717.68,"6","6","","2",28-OCT-24
"W1","7","W1-7",922.68,0,843.95,"7","7","","2",28-OCT-24
"W2","0","W2-0",2489.96,1352.39,725.33,"0","0","","2",28-OCT-24
"W2","1","W2-1",2834.06,1110.39,1231.39,"1","1","","2",28-OCT-24
"W2","2","W2-2",2448.52,1322.96,695.6,"2","2","","2",28-OCT-24
"W2","3","W2-3",1826.78,1091.7,415.49,"3","3","","2",28-OCT-24
"W4","0","W4-0",18360.31,6510.25,9880.55,"0","0","","2",28-OCT-24
"W4","1","W4-1",27043.25,15009.88,9004.6,"1","1","","2",28-OCT-24
"W4","2","W4-2",13249.34,8024.93,3180.36,"2","2","","2",28-OCT-24
"W4","3","W4-3",12786.99,6658.36,3978.48,"3","3","","2",28-OCT-24
"W4","4","W4-4",12803.63,6564.11,3987.71,"4","4","","2",28-OCT-24
"W4","5","W4-5",12803.63,6687.66,3975.23,"5","5","","2",28-OCT-24
"W4","6","W4-6",12803.63,6564.11,4078.67,"6","6","","2",28-OCT-24
"W4","7","W4-7",12803.63,6687.66,3974.48,"7","7","","2",28-OCT-24
"W4","8","W4-8",6335.15,2964.36,2419.15,"8","8","","2",28-OCT-24
"W5","0","W5-0",3852.55,1249.86,1839.99,"0","0","","2",28-OCT-24
"W5","1","W5-1",3787.97,2110.74,958.52,"1","1","","2",28-OCT-24
"W5","2","W5-2",3791.15,2138.2,931.23,"2","2","","2",28-OCT-24
"W5","3","W5-3",3787.97,2134.69,931.47,"3","3","","2",28-OCT-24
"W5","4","W5-4",3791.32,2132.45,930.78,"4","4","","2",28-OCT-24
"W7","0","W7-0",26550.55,15073.01,9212.86,"0","0","","2",28-OCT-24
"32","G8","32-G8",15072.01,10935.57,2029.22,"8","8","","2",28-OCT-24
"32","D9","32-D9",14194.12,9382.55,2633.95,"9","9","","2",28-OCT-24
"32","G9","32-G9",16347.51,11857.25,1910.51,"9","9","","2",28-OCT-24
"32P","00","32P-00",120073.68,109496.78,5530.95,"-1","-1","","2",28-OCT-24
"32P","000","32P-000",119279.6,109713.71,4738.87,"-2","-2","","2",28-OCT-24
"33","0","33-0",9986.83,7077.8,1577.61,"0","0","","2",28-OCT-24
"33","1","33-1",9405.08,6070.44,2460.3,"1","1","","2",28-OCT-24
"33","2","33-2",8151.5,6297.82,2358.49,"2","2","","2",28-OCT-24
"33","3","33-3",9643.4,6336.62,2295.03,"3","3","","2",28-OCT-24
"33","4","33-4",9675.13,6418.94,2599.94,"4","4","","2",28-OCT-24
"33","5","33-5",267.01,0,190.51,"5","5","","2",28-OCT-24
"34","0","34-0",2524.12,310.03,1860.9,"0","0","","2",28-OCT-24
"34","1","34-1",5662.31,2841.3,2276.02,"1","1","","2",28-OCT-24
"34","2","34-2",1411.71,951.1,859.81,"2","2","","2",28-OCT-24
"34","3","34-3",5563.78,2752.53,3192.66,"3","3","","2",28-OCT-24
"34","4","34-4",5563.1,3644.99,1248.67,"4","4","","2",28-OCT-24
"34","5","34-5",5226.42,3972.19,760.22,"5","5","","2",28-OCT-24
"35","0","35-0",13914.52,8127.99,4224.21,"0","0","","2",28-OCT-24
"35","1","35-1",13354.35,9407.68,2529.74,"1","1","","2",28-OCT-24
"35","2","35-2",13393.83,7981.47,3639.76,"2","2","","2",28-OCT-24
"35","3","35-3",11766.68,7168.74,3743.67,"3","3","","2",28-OCT-24
"35","4","35-4",13453.03,8044.93,3877.6,"4","4","","2",28-OCT-24
"35","5","35-5",2129.91,884.86,905.46,"5","5","","2",28-OCT-24
"36","0","36-0",20561.58,3019.71,15567.47,"0","0","","2",28-OCT-24
"36","1","36-1",14720.82,8671.98,4666.82,"1","1","","2",28-OCT-24
"36","2","36-2",14682.93,8738.23,4349.62,"2","2","","2",28-OCT-24
"E37P","0","E37P-0",1747.82,746.11,747.63,"0","","","2",28-OCT-24
"E38","0","E38-0",15572.87,0,11431.47,"0","0","","2",28-OCT-24
"E38","1","E38-1",32364.1,3431.46,11597.5,"1","1","","2",28-OCT-24
"E38","2","E38-2",20290.58,15132.3,4299.32,"2","2","","2",28-OCT-24
"E38","3","E38-3",20296.94,10601.98,7055.65,"3","3","","2",28-OCT-24
"E38","4","E38-4",8872.58,5136.3,2553.02,"4","4","","2",28-OCT-24
"E38","5","E38-5",9001.1,4035.27,3741.75,"5","5","","2",28-OCT-24
"E38","6","E38-6",9012.74,4808.27,2751.5,"6","6","","2",28-OCT-24
"E38","7","E38-7",9037.31,3693.93,2224.91,"7","7","","2",28-OCT-24
"E40","0","E40-0",22041.33,3398.31,16595.06,"0","0","","2",28-OCT-24
"E40","1","E40-1",21234.27,16125.74,2900.39,"1","1","","2",28-OCT-24
"E40","2","E40-2",20915.52,17167.08,1700.49,"2","2","","2",28-OCT-24
"E40","3","E40-3",20772.42,15830.56,2752.45,"3","3","","2",28-OCT-24
"E40","4","E40-4",20908.21,16812.04,1828.73,"4","4","","2",28-OCT-24
"E40","5","E40-5",875.3,0,616.99,"5","5","","2",28-OCT-24
"E51","0","E51-0",25475.51,10954.77,11685.11,"0","0","","2",28-OCT-24
"E51","1","E51-1",22426.26,12361.8,7156.31,"1","1","","2",28-OCT-24
"E51","2","E51-2",24518.85,12217.68,9242.06,"2","2","","2",28-OCT-24
"E51","3","E51-3",25652.78,17024.9,6098.5,"3","3","","2",28-OCT-24
"E51","4","E51-4",9917.36,436.19,8356.32,"4","4","","2",28-OCT-24
"E52","0","E52-0",20160.26,12229.02,5638.38,"0","0","","2",28-OCT-24
"E52","1","E52-1",20963.45,10021.63,7977.47,"1","1","","2",28-OCT-24
"E52","2","E52-2",18588.71,10130.86,5734.52,"2","2","","2",28-OCT-24
"E52","3","E52-3",20445.77,12629.05,5957.65,"3","3","","2",28-OCT-24
"E52","4","E52-4",20444.69,15243.47,2866.25,"4","4","","2",28-OCT-24
"E52","5","E52-5",20256.9,15034.41,2843.24,"5","5","","2",28-OCT-24
"E52","6","E52-6",20045.27,11237.51,6666.36,"6","6","","2",28-OCT-24
"E52","7","E52-7",16201.72,9220.52,5519.63,"7","7","","2",28-OCT-24
"E52","8","E52-8",4867.66,0,4407.73,"8","8","","2",28-OCT-24
"E53","0","E53-0",15904.72,4316.82,10452.09,"0","0","","2",28-OCT-24
"E53","1","E53-1",14229.92,10618.42,2491.85,"1","1","","2",28-OCT-24
"E53","2","E53-2",16902.33,13364.18,2208.55,"2","2","","2",28-OCT-24
"E53","3","E53-3",18491.87,12918.06,4149.41,"3","3","","2",28-OCT-24
"E53","4","E53-4",18315.08,12321.56,4528,"4","4","","2",28-OCT-24
"E53","5","E53-5",1141,0,1015.48,"5","5","","2",28-OCT-24
"E53P","0","E53P-0",10460.19,10021.75,169.75,"0","","","2",28-OCT-24
"E60","0","E60-0",8229.7,1864.5,4946.18,"0","0","","2",28-OCT-24
"E60","1","E60-1",7364.23,3299.84,2954.18,"1","1","","2",28-OCT-24
"E60","2","E60-2",7361.28,3889.84,2551.89,"2","2","","2",28-OCT-24
"E60","3","E60-3",7174.9,3906.97,2406.26,"3","3","","2",28-OCT-24
"E62","00","E62-00",0,0,0,"-1","-1","","2",28-OCT-24
"E62","000","E62-000",0,0,0,"-2","-2","","2",28-OCT-24
"E62","0000","E62-0000",0,0,0,"-3","-3","","1",28-OCT-24
"E62","0","E62-0",58114.95,42556.72,11186.92,"0","0","","2",28-OCT-24
"E62","1","E62-1",40631.14,18743.17,18048.31,"1","1","","2",28-OCT-24
"E62","2","E62-2",33733.1,18049.77,11250.97,"2","2","","2",28-OCT-24
"E62","3","E62-3",30353.35,18314.81,8880.78,"3","3","","2",28-OCT-24
"E62","4","E62-4",30613.9,17920.38,9336.52,"4","4","","2",28-OCT-24
"E62","5","E62-5",31019.98,18662.42,9221.36,"5","5","","2",28-OCT-24
"E62","6","E62-6",30555.08,17880.09,9338.7,"6","6","","2",28-OCT-24
"E62","7","E62-7",12171,95.56,10719.74,"7","7","","2",28-OCT-24
"E62P","00","E62P-00",61441.29,55328.98,3646.92,"-1","-1","","2",28-OCT-24
"E62P","000","E62P-000",61489.29,56079.95,2223.57,"-2","-2","","2",28-OCT-24
"E62P","0000","E62P-0000",14923.96,13006.32,543.62,"-3","-3","","1",28-OCT-24
"E70","13","E70-13",6623.7,5609,135.59,"13","13","","2",28-OCT-24
"E70","6","E70-6",10829.71,9278.58,0,"6","6","","2",28-OCT-24
"E90","12","E90-12",27134.43,24565.67,533,"12","12","","2",28-OCT-24
"E90","9","E90-9",27152.05,25716.65,0,"9","","","2",28-OCT-24
"E94","15","E94-15",15506.61,14101.34,205.19,"15","15","","2",28-OCT-24
"N4","0","N4-0",20925,16707.48,3345.68,"0","0","","2",28-OCT-24
"N4","1","N4-1",16275.52,15088.75,427.31,"1","1","","2",28-OCT-24
"N4","2","N4-2",15513.92,14446.08,289.9,"2","2","","2",28-OCT-24
"N4","3","N4-3",14351.63,13393.42,282.63,"3","3","","2",28-OCT-24
"N4","4","N4-4",15513.92,14446.08,289.9,"4","4","","2",28-OCT-24
"N4","5","N4-5",14351.63,13393.42,282.63,"5","5","","2",28-OCT-24
"N4","6","N4-6",15513.92,14446.08,289.9,"6","6","","2",28-OCT-24
"N4","7","N4-7",14351.63,13393.42,282.63,"7","7","","2",28-OCT-24
"N4","8","N4-8",16234.97,14553.61,289.9,"8","8","","2",28-OCT-24
"N9","1","N9-1",5882.04,5345.17,160.86,"1","1","","2",28-OCT-24
"N10","0","N10-0",718,525.31,4.28,"0","0","","2",28-OCT-24
"N10","1","N10-1",4888.72,3831.1,267.45,"1","1","","2",28-OCT-24
"N10","2","N10-2",4478.14,3745.29,366.16,"2","2","","2",28-OCT-24
"N16","0","N16-0",3211.26,0,2919.93,"0","0","","2",28-OCT-24
"N16","1","N16-1",11084.11,3441.66,7272.54,"1","1","","2",28-OCT-24
"N16","2","N16-2",5130.76,0,4553.81,"2","2","","2",28-OCT-24
"N16","3","N16-3",15368.73,0,14614.74,"3","3","","2",28-OCT-24
"N16","R1","N16-R1",0,0,0,"4","4","","2",28-OCT-24
"N16","R2","N16-R2",0,0,0,"5","5","","2",28-OCT-24
"N16A","0","N16A-0",4643.63,0,4313.32,"0","0","","2",28-OCT-24
"N16A","1","N16A-1",646.09,0,326.45,"1","1","","2",28-OCT-24
"N16A","2","N16A-2",4476.39,0,4012.6,"2","2","","2",28-OCT-24
"N16B","1","N16B-1",543.47,0,511.42,"1","1","","2",28-OCT-24
"N16B","2","N16B-2",706.25,0,649.16,"2","2","","2",28-OCT-24
"N16C","1","N16C-1",2925.3,155.39,2705.41,"1","1","","2",28-OCT-24
"N47","2","N47-2",11861.01,7991.58,103.5,"2","","","2",28-OCT-24
"N51","0","N51-0",1431.2,1066.13,124.04,"0","0","","2",28-OCT-24
"N51","1","N51-1",17248.03,14912.47,1993.15,"1","1","","2",28-OCT-24
"N51","2","N51-2",12942.66,9073.29,2756.76,"2","2","","2",28-OCT-24
"N51","3","N51-3",13359.04,8566.52,3496.2,"3","3","","2",28-OCT-24
"N52","0","N52-0",20484.79,10299.97,7954.88,"0","0","","2",28-OCT-24
"N52","1","N52-1",20345.55,13772.04,4496.24,"1","1","","2",28-OCT-24
"N52","2","N52-2",20995.73,16308.35,2800.87,"2","2","","2",28-OCT-24
"N52","3","N52-3",20947.34,15292.51,3378.43,"3","3","","2",28-OCT-24
"N52","4","N52-4",20874.62,16058.05,2429.21,"4","4","","2",28-OCT-24
"N52","5","N52-5",226.41,0,191.58,"5","5","","2",28-OCT-24
"N57","0","N57-0",1340.04,692.79,467.27,"0","0","","2",28-OCT-24
"N57","1","N57-1",9060.25,7909.31,605.66,"1","1","","2",28-OCT-24
"N57","2","N57-2",9059.17,8125.88,482.91,"2","2","","2",28-OCT-24
"N57","3","N57-3",9057.93,8264.47,420.97,"3","3","","2",28-OCT-24
"N57","4","N57-4",9057.93,8264.29,421.15,"4","4","","2",28-OCT-24
"W61","14","W61-14",4211.4,2644.53,892.22,"14","14","W61A.2","2",28-OCT-24
"W61","15","W61-15",4211.4,2570.44,971.54,"15","15","W61A.3","2",28-OCT-24
"W61","16","W61-16",4318.1,1567.43,599.38,"16","16","","2",28-OCT-24
"W61","17","W61-17",609.1,0,378.95,"17","17","","2",28-OCT-24
"W61","18","W61-18",609.1,0,397.7,"18","18","","2",28-OCT-24
"W61","2","W61-2",17655.43,12655.93,2187.4,"2","2","W61E.2 W61F.2 W61G.2 W61H.2 W61J.2 W61M.2","2",28-OCT-24
"W61","3","W61-3",17993.47,12221.82,2332.05,"3","3","W61E.3 W61F.3 W61G.3 W61H.3 W61J.3 W61M.3","2",28-OCT-24
"W61","4","W61-4",18135.72,12378.77,2357.37,"4","4","W61D.1 W61F.4 W61G.4 W61H.4 W61J.4 W61M.4","2",28-OCT-24
"W61","5","W61-5",4211.4,2652.83,906.27,"5","5","W61D.2","2",28-OCT-24
"W61","6","W61-6",4211.4,2570.47,960.51,"6","6","W61D.3","2",28-OCT-24
"W61","7","W61-7",4211.4,2570.47,971.54,"7","7","W61C.1","2",28-OCT-24
"W61","8","W61-8",4211.4,2651.16,907.94,"8","8","W61C.2","2",28-OCT-24
"W61","9","W61-9",4211.4,2570.47,848.7,"9","9","W61C.3","2",28-OCT-24
"W61A","1","W61A-1",4211.4,2570.47,970.81,"1","1","","2",28-OCT-24
"W61A","2","W61A-2",4211.4,2644.53,892.22,"2","2","","2",28-OCT-24
"W61A","3","W61A-3",4211.4,2570.44,971.54,"3","3","","2",28-OCT-24
"W61B","1","W61B-1",4211.4,2570.47,960.51,"1","1","","2",28-OCT-24
"W61B","2","W61B-2",4211.4,2651.83,927.34,"2","2","","2",28-OCT-24
"W61B","3","W61B-3",4211.4,2570.47,858.2,"3","3","","2",28-OCT-24
"W61C","1","W61C-1",4211.4,2570.47,971.54,"1","1","","2",28-OCT-24
"W61C","2","W61C-2",4211.4,2651.16,907.94,"2","2","","2",28-OCT-24
"W61C","3","W61C-3",4211.4,2570.47,848.7,"3","3","","2",28-OCT-24
"W61D","1","W61D-1",4075.93,2424.47,893.9,"1","1","","2",28-OCT-24
"W61D","2","W61D-2",4211.4,2652.83,906.27,"2","2","","2",28-OCT-24
"W61D","3","W61D-3",4211.4,2570.47,960.51,"3","3","","2",28-OCT-24
"W61E","1","W61E-1",3830.58,2485.2,579.07,"1","1","","2",28-OCT-24
"W61E","2","W61E-2",3900.33,2298.47,804.35,"2","2","","2",28-OCT-24
"W61E","3","W61E-3",3933.69,2278.28,868.21,"3","3","","2",28-OCT-24
"W61F","1","W61F-1",1668.05,793.09,449.57,"1","1","","2",28-OCT-24
"W61F","2","W61F-2",2456.98,1644.42,368.88,"2","2","","2",28-OCT-24
"W61F","3","W61F-3",4243.28,2929.28,505.93,"3","3","","2",28-OCT-24
"W61F","4","W61F-4",4243.28,2926.1,506.26,"4","4","","2",28-OCT-24
"W61G","1","W61G-1",1500.42,905.08,330.01,"1","1","","2",28-OCT-24
"W61G","2","W61G-2",3683.95,2855.97,323.02,"2","2","","2",28-OCT-24
"W61G","3","W61G-3",3877.63,2820.55,332.54,"3","3","","2",28-OCT-24
"W61G","4","W61G-4",3880.63,2845.99,332.54,"4","4","","2",28-OCT-24
"W61H","1","W61H-1",1429.02,850.29,352.03,"1","1","","2",28-OCT-24
"W61H","2","W61H-2",3868.46,2835.98,426.79,"2","2","","2",28-OCT-24
"W61H","3","W61H-3",3982.62,2868.78,388.49,"3","3","","2",28-OCT-24
"W61H","4","W61H-4",3979.63,2857.32,388.49,"4","4","","2",28-OCT-24
"W61J","1","W61J-1",3453.13,2165.28,554.32,"1","1","","2",28-OCT-24
"W61J","2","W61J-2",1905.49,1327.2,239.88,"2","2","","2",28-OCT-24
"W61J","3","W61J-3",1956.25,1324.93,236.88,"3","3","","2",28-OCT-24
"W61J","4","W61J-4",1956.25,1324.89,236.18,"4","4","","2",28-OCT-24
"W61M","1","W61M-1",2987.01,2677.55,0,"1","1","","2",28-OCT-24
"W61M","2","W61M-2",1840.22,1693.89,24.48,"2","2","","2",28-OCT-24
"W64","1","W64-1",7077.36,4534.06,1894.25,"1","1","","2",28-OCT-24
"W64","2","W64-2",6290.47,4787.51,923.49,"2","2","","2",28-OCT-24
"W70","1","W70-1",44136.82,18493.65,11394.56,"1","1","","2",28-OCT-24
"W70","2","W70-2",22943.76,12732.58,8730.2,"2","2","","2",28-OCT-24
"W70","3","W70-3",18994.86,10299.15,5845.34,"3","3","","2",28-OCT-24
"W70","4","W70-4",20033.54,11264.58,5814.37,"4","4","","2",28-OCT-24
"W70","5","W70-5",20038.86,11155.45,5608.54,"5","5","","2",28-OCT-24
"W70","6","W70-6",0,0,0,"6","6","","2",28-OCT-24
"W71","0","W71-0",12534.32,7513.91,3888.27,"0","0","","2",28-OCT-24
"W71","1","W71-1",26577.25,18899.78,5258.02,"1","1","","2",28-OCT-24
"W71","2","W71-2",23372.38,13440.46,6875.78,"2","2","","2",28-OCT-24
"W71","3","W71-3",23245.04,13747.9,6419.78,"3","3","","2",28-OCT-24
"W71","4","W71-4",23032.34,13930.33,6036.91,"4","4","","2",28-OCT-24
"W71","5","W71-5",23245.13,14226.7,5970.13,"5","5","","2",28-OCT-24
"W79","0","W79-0",21908.32,6209.34,12769.7,"0","0","","2",28-OCT-24
"W79","1","W79-1",18674.83,10787.27,5427.75,"1","1","","2",28-OCT-24
"W79","10","W79-10",15018.59,8035.02,4654.45,"10","10","","2",28-OCT-24
"W79","2","W79-2",14653.13,7254.54,4673.08,"2","2","","2",28-OCT-24
"W79","3","W79-3",18346.62,10886.24,4653.5,"3","3","","2",28-OCT-24
"W79","4","W79-4",18159.37,9915.88,5086.83,"4","4","","2",28-OCT-24
"W79","5","W79-5",19859.65,10631.16,6328.12,"5","5","","2",28-OCT-24
"W79","6","W79-6",19564.6,9291.48,6508.89,"6","6","","2",28-OCT-24
"W79","7","W79-7",16528.73,8860.78,5387.54,"7","7","","2",28-OCT-24
"W79","8","W79-8",13629.13,7031.04,4358.26,"8","8","","2",28-OCT-24
"W79","9","W79-9",14897.69,7802.43,4671.58,"9","9","","2",28-OCT-24
"W83","1","W83-1",270,0,255.67,"1","1","","2",28-OCT-24
"W84","00","W84-00",5851.32,4396.29,685.9,"-1","00","","2",28-OCT-24
"W84","0","W84-0",5854.12,1513.59,3554.09,"0","0","","2",28-OCT-24
"W84","1","W84-1",4022.71,2169.98,1404.11,"1","1","","2",28-OCT-24
"W84","10","W84-10",5850.4,4416.79,800.19,"10","10","","2",28-OCT-24
"W84","11","W84-11",5850.4,4416.82,800.19,"11","11","","2",28-OCT-24
"W84","12","W84-12",5850.4,4416.79,800.19,"12","12","","2",28-OCT-24
"W84","13","W84-13",5850.4,4416.79,800.19,"13","13","","2",28-OCT-24
"W84","14","W84-14",5850.4,4416.79,800.19,"14","14","","2",28-OCT-24
"W84","15","W84-15",5850.4,4416.79,800.19,"15","15","","2",28-OCT-24
"W84","16","W84-16",5850.4,4416.82,800.19,"16","16","","2",28-OCT-24
"W84","17","W84-17",5850.4,4416.82,789.11,"17","17","","2",28-OCT-24
"W84","18","W84-18",5850.4,4416.79,789.11,"18","18","","2",28-OCT-24
"W84","19","W84-19",5850.4,4416.79,800.19,"19","19","","2",28-OCT-24
"W84","2","W84-2",5850.4,4417.69,800.19,"2","2","","2",28-OCT-24
"W84","20","W84-20",5850.4,4416.79,800.19,"20","20","","2",28-OCT-24
"W84","21","W84-21",5850.4,4416.79,800.19,"21","21","","2",28-OCT-24
"W84","22","W84-22",5850.4,4416.79,800.19,"22","22","","2",28-OCT-24
"W84","23","W84-23",5850.4,4416.79,800.19,"23","23","","2",28-OCT-24
"W84","24","W84-24",5863.92,4452.32,897.01,"24","24","","2",28-OCT-24
"W84","25","W84-25",1029.31,0,687.46,"25","25","","2",28-OCT-24
"W84","26","W84-26",1048.14,0,929,"26","26","","2",28-OCT-24
"W84","3","W84-3",5850.4,4417.13,800.19,"3","3","","2",28-OCT-24
"W84","4","W84-4",5850.4,4417.13,800.19,"4","4","","2",28-OCT-24
"W84","5","W84-5",5850.4,4416.79,800.19,"5","5","","2",28-OCT-24
"W84","6","W84-6",5850.4,4416.79,800.19,"6","6","","2",28-OCT-24
"W84","7","W84-7",5850.4,4416.79,800.19,"7","7","","2",28-OCT-24
"W84","8","W84-8",5850.4,4416.79,800.19,"8","8","","2",28-OCT-24
"W84","9","W84-9",5850.4,4416.79,800.19,"9","9","","2",28-OCT-24
"54","2","54-2",5855.69,4190.46,883.81,"2","2","","2",28-OCT-24
"54","20","54-20",5855.69,0,5089.84,"20","20","","2",28-OCT-24
"54","21","54-21",804.15,247.44,454.87,"21","21","","2",28-OCT-24
"54","3","54-3",5855.69,3456.94,1659.34,"3","3","","2",28-OCT-24
"54","4","54-4",5855.69,3609.48,1511.63,"4","4","","2",28-OCT-24
"54","5","54-5",5855.69,3557.55,1561.35,"5","5","","2",28-OCT-24
"54","6","54-6",5855.69,3614.59,1514.73,"6","6","","2",28-OCT-24
"54","7","54-7",5855.69,3612.99,1512.46,"7","7","","2",28-OCT-24
"54","8","54-8",5855.69,3632.41,1511.63,"8","8","","2",28-OCT-24
"54","9","54-9",5855.69,3526.2,1612.86,"9","9","","2",28-OCT-24
"55","0","55-0",7001.75,1384.67,5084.45,"0","","","2",28-OCT-24
"55","1","55-1",8472.97,3281.33,3953.43,"1","","","2",28-OCT-24
"56","00","56-00",13359.03,380.46,10949.35,"-1","-1","","2",28-OCT-24
"56","0","56-0",13801.78,7235.27,4717.46,"0","0","","2",28-OCT-24
"56","1","56-1",13522.66,7481.7,4969.48,"1","1","","2",28-OCT-24
"56","2","56-2",13489.58,8697.73,3431.85,"2","2","","2",28-OCT-24
"56","3","56-3",13480.63,8854.1,3299.16,"3","3","","2",28-OCT-24
"56","4","56-4",13478.25,8894.68,3336.68,"4","4","","2",28-OCT-24
"56","5","56-5",13479.24,8918.96,3294.9,"5","5","","2",28-OCT-24
"56","6","56-6",13492.29,9119.74,3194.02,"6","6","","2",28-OCT-24
"56","7","56-7",13492.29,9220.18,3112.25,"7","7","","2",28-OCT-24
"56","8","56-8",13487.71,9656.48,2248.66,"8","8","","0",28-OCT-24
"56","9","56-9",8856.78,0,7972.64,"9","9","","2",28-OCT-24
"57","0","57-0",6468.11,33.43,4881.46,"0","0","","2",28-OCT-24
"57","1","57-1",25168.48,19347.58,3134.5,"1","1","","2",28-OCT-24
"57","2","57-2",5776.99,3474.93,1553.81,"2","2","","2",28-OCT-24
"57","3","57-3",1707.46,0,947.94,"3","3","","2",28-OCT-24
"62","0","62-0",13215.12,8073.78,3470.8,"0","0","","2",28-OCT-24
"62","1","62-1",12852.17,8735.07,2727.8,"1","1","","2",28-OCT-24
"62","2","62-2",12836.05,8406.33,3278.91,"2","2","","2",28-OCT-24
"62","3","62-3",12886.92,8447.31,3197.45,"3","3","","2",28-OCT-24
"62","4","62-4",12681.91,8128.82,3340.59,"4","4","","2",28-OCT-24
"62","5","62-5",12681.83,8363.09,3115.62,"5","5","","2",28-OCT-24
"62H","0","62H-0",4398.34,3166.21,641.62,"0","0","","2",28-OCT-24
"62H","1","62H-1",4413.58,2699.32,1265.45,"1","1","","2",28-OCT-24
"62H","2","62H-2",4397.02,2765.88,1216.07,"2","2","","2",28-OCT-24
"62H","3","62H-3",4454.96,2839.09,1175.44,"3","3","","2",28-OCT-24
"62H","4","62H-4",4377.39,2605.78,1341.85,"4","4","","2",28-OCT-24
"62H","5","62H-5",4370.53,2818.19,1138.66,"5","5","","2",28-OCT-24
"62M","0","62M-0",4548.86,3088.54,847.93,"0","0","","2",28-OCT-24
"62M","1","62M-1",4223.44,3294.01,406.15,"1","1","","2",28-OCT-24
"62M","2","62M-2",4227.6,2890.27,978.23,"2","2","","2",28-OCT-24
"62M","3","62M-3",4228.35,2869.96,960.17,"3","3","","2",28-OCT-24
"62M","4","62M-4",4170.08,2831.52,949.35,"4","4","","2",28-OCT-24
"62M","5","62M-5",4170.08,2839.96,940.99,"5","5","","2",28-OCT-24
"62W","0","62W-0",4267.92,1819.03,1981.25,"0","0","","2",28-OCT-24
"62W","1","62W-1",4215.15,2741.74,1056.2,"1","1","","2",28-OCT-24
"62W","2","62W-2",4211.43,2750.18,1084.61,"2","2","","2",28-OCT-24
"62W","3","62W-3",4203.61,2738.26,1061.84,"3","3","","2",28-OCT-24
"62W","4","62W-4",4134.44,2691.52,1049.39,"4","4","","2",28-OCT-24
"62W","5","62W-5",4141.22,2704.94,1035.97,"5","5","","2",28-OCT-24
"64","0","64-0",12371.33,7301.23,3498.38,"0","0","","2",28-OCT-24
"64","1","64-1",12212.26,8047.29,2977.24,"1","1","","2",28-OCT-24
"64","2","64-2",12212.26,8302.65,2739.27,"2","2","","2",28-OCT-24
"64","3","64-3",12212.26,8199.04,2821.76,"3","3","","2",28-OCT-24
"64","4","64-4",12212.26,8023.12,2945.47,"4","4","","2",28-OCT-24
"64","5","64-5",12212.26,8185.75,2817.74,"5","5","","2",28-OCT-24
"64B","0","64B-0",3916.92,1723.83,1647.32,"0","0","","2",28-OCT-24
"64B","1","64B-1",3947.95,2479.96,1057.76,"1","1","","2",28-OCT-24
"64B","2","64B-2",3947.95,2633.54,903.98,"2","2","","2",28-OCT-24
"64B","3","64B-3",3947.95,2633.54,905.24,"3","3","","2",28-OCT-24
"64B","4","64B-4",3947.95,2479.96,1059.46,"4","4","","2",28-OCT-24
"64B","5","64B-5",3947.95,2633.54,906.17,"5","5","","2",28-OCT-24
"64G","0","64G-0",4234.25,2765.19,926.19,"0","0","","2",28-OCT-24
"64G","1","64G-1",4110.63,2815.97,901.98,"1","1","","2",28-OCT-24
"64G","2","64G-2",4110.63,2797.92,927.2,"2","2","","2",28-OCT-24
"64G","3","64G-3",4110.63,2797.92,926.79,"3","3","","2",28-OCT-24
"64G","4","64G-4",4110.63,2797.92,884.72,"4","4","","2",28-OCT-24
"64G","5","64G-5",4110.63,2788.47,923.68,"5","5","","2",28-OCT-24
"64W","0","64W-0",4220.16,2812.21,924.87,"0","0","","2",28-OCT-24
"64W","1","64W-1",4153.68,2751.36,1017.5,"1","1","","2",28-OCT-24
"64W","2","64W-2",4153.68,2871.19,908.09,"2","2","","2",28-OCT-24
"64W","3","64W-3",4153.68,2767.58,989.73,"3","3","","2",28-OCT-24
"64W","4","64W-4",4153.68,2745.24,1001.29,"4","4","","2",28-OCT-24
"64W","5","64W-5",4153.68,2763.74,987.89,"5","5","","2",28-OCT-24
"66","00","66-00",18838.6,6367.44,10560.02,"-1","00","","1",28-OCT-24
"66","0","66-0",19259.09,9853.88,7206.62,"0","0","","2",28-OCT-24
"66","1","66-1",18045.2,10196.51,5739.06,"1","1","","2",28-OCT-24
"66","2","66-2",17497.28,11125.36,4117.13,"2","2","","2",28-OCT-24
"66","3","66-3",18606.51,11260.11,5222.55,"3","3","","2",28-OCT-24
"66","4","66-4",18459.61,11147.41,5056.34,"4","4","","2",28-OCT-24
