"FCLT_FLOOR_HIST_KEY","FISCAL_PERIOD","FCLT_FLOOR_KEY","FCLT_BUILDING_KEY","FLOOR","EXT_GROSS_AREA","ASSIGNABLE_AREA","NON_ASSIGNABLE_AREA","FLOOR_SORT_SEQUENCE","LEVEL_ID","BUILDING_WINGS_ID","ACCESS_LEVEL","WAREHOUSE_LOAD_DATE"
"32-3-201505","201505","32-3","32","3",47976.86,31348.54,10027.55,"3","3","","2",01-DEC-14
"32-D4-201505","201505","32-D4","32","D4",20760.29,13050.96,4840.94,"4","4","","2",01-DEC-14
"32-G4-201505","201505","32-G4","32","G4",27874.54,18966.65,5379.98,"4","4","","2",01-DEC-14
"32-D5-201505","201505","32-D5","32","D5",14178.11,9291.1,2734.52,"5","5","","2",01-DEC-14
"32-G5-201505","201505","32-G5","32","G5",22296.49,15905.95,3116.92,"5","5","","2",01-DEC-14
"32-D6-201505","201505","32-D6","32","D6",16625.3,11621.24,2677.51,"6","6","","2",01-DEC-14
"32-G6-201505","201505","32-G6","32","G6",18409.44,12367.98,3365.01,"6","6","","2",01-DEC-14
"32-D7-201505","201505","32-D7","32","D7",13995.87,9296.54,2708.33,"7","7","","2",01-DEC-14
"32-G7-201505","201505","32-G7","32","G7",16994.44,12878.79,2123.47,"7","7","","2",01-DEC-14
"32-D8-201505","201505","32-D8","32","D8",15944.39,10989.02,2806.25,"8","8","","2",01-DEC-14
"32-G8-201505","201505","32-G8","32","G8",15072.01,10986.15,2100.36,"8","8","","2",01-DEC-14
"32-D9-201505","201505","32-D9","32","D9",14237.75,9335.34,2640.64,"9","9","","2",01-DEC-14
"32-G9-201505","201505","32-G9","32","G9",16076.37,11929.62,2034.13,"9","9","","2",01-DEC-14
"32P-00-201505","201505","32P-00","32P","00",120073.68,109514.6,5530.95,"-1","-1","","3",01-DEC-14
"32P-000-201505","201505","32P-000","32P","000",119279.6,109753.55,4738.87,"-2","-2","","3",01-DEC-14
"33-0-201505","201505","33-0","33","0",9986.83,7123.17,1594.26,"0","0","","2",01-DEC-14
"33-1-201505","201505","33-1","33","1",13421.36,8853.1,3276.14,"1","1","","2",01-DEC-14
"33-2-201505","201505","33-2","33","2",12052.44,7488.31,3351.3,"2","2","","2",01-DEC-14
"33-3-201505","201505","33-3","33","3",9643.4,6330.24,2295.45,"3","3","","2",01-DEC-14
"33-4-201505","201505","33-4","33","4",9675.13,6300.09,2548.6,"4","4","","2",01-DEC-14
"33-5-201505","201505","33-5","33","5",267.01,0,190.51,"5","5","","2",01-DEC-14
"34-0-201505","201505","34-0","34","0",2524.12,310.02,1860.9,"0","0","","2",01-DEC-14
"34-1-201505","201505","34-1","34","1",5708.35,2930.14,2240.34,"1","1","","2",01-DEC-14
"34-2-201505","201505","34-2","34","2",2380.28,951.1,859.81,"2","2","","2",01-DEC-14
"34-3-201505","201505","34-3","34","3",5563.78,2724.74,2203.31,"3","3","","2",01-DEC-14
"34-4-201505","201505","34-4","34","4",5563.1,3770.53,1223.67,"4","4","","2",01-DEC-14
"34-5-201505","201505","34-5","34","5",5226.42,3972.19,760.22,"5","5","","2",01-DEC-14
"35-0-201505","201505","35-0","35","0",13914.52,8127.99,4225.56,"0","0","","2",01-DEC-14
"35-1-201505","201505","35-1","35","1",13354.35,9497.81,2484.58,"1","1","","2",01-DEC-14
"35-2-201505","201505","35-2","35","2",13393.83,8333.46,3401.31,"2","2","","2",01-DEC-14
"35-3-201505","201505","35-3","35","3",11766.68,6788.12,3792.04,"3","3","","2",01-DEC-14
"35-4-201505","201505","35-4","35","4",13453.03,8118.66,3992.99,"4","4","","2",01-DEC-14
"35-5-201505","201505","35-5","35","5",2129.91,884.86,905.46,"5","5","","2",01-DEC-14
"36-0-201505","201505","36-0","36","0",21248.22,3095.86,16070.99,"0","0","","2",01-DEC-14
"36-1-201505","201505","36-1","36","1",14737.37,7969.2,5284.15,"1","1","","2",01-DEC-14
"36-2-201505","201505","36-2","36","2",14716.09,8740.51,4392.11,"2","2","","2",01-DEC-14
"36-3-201505","201505","36-3","36","3",14720.94,8678.05,4431.77,"3","3","","2",01-DEC-14
"36-4-201505","201505","36-4","36","4",14735.51,8545.3,4614.17,"4","4","","2",01-DEC-14
"36-5-201505","201505","36-5","36","5",14735.51,8681.64,4395.68,"5","5","","2",01-DEC-14
"36-6-201505","201505","36-6","36","6",15277.37,8938.46,4560.7,"6","6","","2",01-DEC-14
"36-7-201505","201505","36-7","36","7",14558.37,8961.59,3940.15,"7","7","","2",01-DEC-14
"36-8-201505","201505","36-8","36","8",14722.83,7777.01,5375.64,"8","8","","2",01-DEC-14
"36-9-201505","201505","36-9","36","9",6367.19,0,5788.99,"9","9","","2",01-DEC-14
"37-0-201505","201505","37-0","37","0",12144.65,4900.72,5794.34,"0","0","","2",01-DEC-14
"37-1-201505","201505","37-1","37","1",10998.08,4480.13,5560.35,"1","1","","2",01-DEC-14
"37-2-201505","201505","37-2","37","2",15197.04,8956.97,4905.16,"2","2","","2",01-DEC-14
"37-3-201505","201505","37-3","37","3",15161.21,9347.68,3276.31,"3","3","","2",01-DEC-14
"37-4-201505","201505","37-4","37","4",15201.44,9468.91,3190,"4","4","","2",01-DEC-14
"37-5-201505","201505","37-5","37","5",14863.75,9554.34,2807.95,"5","5","","2",01-DEC-14
"37-6-201505","201505","37-6","37","6",14876.92,9379.36,2996.35,"6","6","","2",01-DEC-14
"37-7-201505","201505","37-7","37","7",4389.75,0,3988.6,"7","7","","2",01-DEC-14
"38-0-201505","201505","38-0","38","0",11633.85,6584.64,4201.19,"0","0","","2",01-DEC-14
"38-1-201505","201505","38-1","38","1",11296.74,7803.66,2248.46,"1","1","","2",01-DEC-14
"38-2-201505","201505","38-2","38","2",11461.73,7818.65,2380.08,"2","2","","2",01-DEC-14
"38-3-201505","201505","38-3","38","3",11461.73,8131.46,2069.51,"3","3","","2",01-DEC-14
"38-4-201505","201505","38-4","38","4",11461.73,8031.37,2140.96,"4","4","","2",01-DEC-14
"38-5-201505","201505","38-5","38","5",11461.73,8832.53,1470.06,"5","5","","2",01-DEC-14
"38-6-201505","201505","38-6","38","6",11434.22,8860.12,1482.79,"6","6","","2",01-DEC-14
"38-7-201505","201505","38-7","38","7",4117.73,0,3940.03,"7","7","","2",01-DEC-14
"39-0-201505","201505","39-0","39","0",4492.81,1467.09,2391.58,"0","0","","2",01-DEC-14
"39-1-201505","201505","39-1","39","1",2985.12,652.68,1929.53,"1","1","","2",01-DEC-14
"39-2-201505","201505","39-2","39","2",12366.07,8782.59,2635.33,"2","2","","2",01-DEC-14
"39-3-201505","201505","39-3","39","3",12414.57,8396.54,3185,"3","3","","2",01-DEC-14
"39-4-201505","201505","39-4","39","4",12375.11,8460.52,2713.63,"4","4","","2",01-DEC-14
"39-5-201505","201505","39-5","39","5",12369.49,7103.32,4129.88,"5","5","","2",01-DEC-14
"39-6-201505","201505","39-6","39","6",12369.38,4546.23,6824.44,"6","6","","2",01-DEC-14
"39-7-201505","201505","39-7","39","7",6435.67,0,6140.3,"7","7","","2",01-DEC-14
"41-0-201505","201505","41-0","41","0",8106.17,6452.43,1210.16,"0","0","","2",01-DEC-14
"41-1-201505","201505","41-1","41","1",8104.94,6685.93,940.88,"1","1","","2",01-DEC-14
"41-2-201505","201505","41-2","41","2",8099.58,5833.38,1721.7,"2","2","","2",01-DEC-14
"41-3-201505","201505","41-3","41","3",1767.99,1189.6,395.12,"3","3","","2",01-DEC-14
"42-00-201505","201505","42-00","42","00",11927.83,0,11926.24,"-1","00","","3",01-DEC-14
"42-0-201505","201505","42-0","42","0",22502.48,2009.14,18630.06,"0","0","","2",01-DEC-14
"42-1-201505","201505","42-1","42","1",8021.13,554.75,5880.16,"1","1","","2",01-DEC-14
"42-2-201505","201505","42-2","42","2",21132.5,371.74,19175.9,"2","2","","2",01-DEC-14
"42-3-201505","201505","42-3","42","3",12714.66,1444.37,9655.09,"3","3","","2",01-DEC-14
"42-3M-201505","201505","42-3M","42","3M",2751.89,0,2608.68,"4","4","","1",01-DEC-14
"42T-00-201505","201505","42T-00","42T","00",11247.27,0,11247.27,"-1","00","","1",01-DEC-14
"43-0-201505","201505","43-0","43","0",3303.42,0,3047.28,"0","0","","2",01-DEC-14
"43-1-201505","201505","43-1","43","1",3327.75,2624.12,433.94,"1","1","","2",01-DEC-14
"43-2-201505","201505","43-2","43","2",3742.78,2818.99,616.44,"2","2","","2",01-DEC-14
"44-0-201505","201505","44-0","44","0",9066.19,7422.3,458.21,"0","0","","2",01-DEC-14
"44-1-201505","201505","44-1","44","1",7052.42,4193.99,2258.99,"1","1","","2",01-DEC-14
"46-0-201505","201505","46-0","46","0",5343.25,0,4687.91,"0","1","","2",01-DEC-14
"46-1-201505","201505","46-1","46","1",39879.64,18786.29,15026.82,"1","1","","2",01-DEC-14
"46-2-201505","201505","46-2","46","2",37431.22,17473.15,14169.86,"2","2","","2",01-DEC-14
"46-3-201505","201505","46-3","46","3",60265.8,33444.56,20439.9,"3","3","","2",01-DEC-14
"46-4-201505","201505","46-4","46","4",60171.98,37569.33,16037.46,"4","4","","2",01-DEC-14
"46-5-201505","201505","46-5","46","5",62098.69,39851.7,15561.18,"5","5","","2",01-DEC-14
"46-6-201505","201505","46-6","46","6",60667.33,38026.69,15604.85,"6","6","","2",01-DEC-14
"46-7-201505","201505","46-7","46","7",57623.06,33367.17,17099.26,"7","7","","0",01-DEC-14
"46-8-201505","201505","46-8","46","8",34817.86,0,33776.78,"8","8","","2",01-DEC-14
"46-9-201505","201505","46-9","46","9",363.76,0,295.31,"9","9","","2",01-DEC-14
"48-00-201505","201505","48-00","48","00",162.25,0,162.25,"-1","00","","3",01-DEC-14
"48-0-201505","201505","48-0","48","0",11819.8,6680.51,3698.64,"0","0","","2",01-DEC-14
"48-1-201505","201505","48-1","48","1",11460.64,8948.01,1150.1,"1","1","","2",01-DEC-14
"48-2-201505","201505","48-2","48","2",9924.37,7079.51,1386.45,"2","2","","2",01-DEC-14
"48-3-201505","201505","48-3","48","3",11459.64,7818.56,2035.7,"3","3","","2",01-DEC-14
"48-4-201505","201505","48-4","48","4",11266.6,8041.29,1872.52,"4","4","","2",01-DEC-14
"48-5-201505","201505","48-5","48","5",1133.85,0,954.98,"5","5","","2",01-DEC-14
"50-0-201505","201505","50-0","50","0",23388.34,13144.15,7965.44,"0","0","","2",01-DEC-14
"50-1-201505","201505","50-1","50","1",18371.44,13512.71,3525.11,"1","1","","2",01-DEC-14
"50-2-201505","201505","50-2","50","2",12513.27,5921.89,5358.11,"2","2","","2",01-DEC-14
"50-3-201505","201505","50-3","50","3",18815.29,13873.76,3631.1,"3","3","","2",01-DEC-14
"50-4-201505","201505","50-4","50","4",614.93,0,239.55,"4","4","","2",01-DEC-14
"51-0-201505","201505","51-0","51","0",5220.94,4188.19,619.06,"0","0","","2",01-DEC-14
"51-1-201505","201505","51-1","51","1",668.39,262.21,290.63,"1","1","","2",01-DEC-14
"54-00-201505","201505","54-00","54","00",5374.27,1293.85,3532.39,"-1","-1","","3",01-DEC-14
"54-0-201505","201505","54-0","54","0",1904.41,0,1621.49,"0","0","","2",01-DEC-14
"54-1-201505","201505","54-1","54","1",8317.03,4873.75,2432.92,"1","1","","2",01-DEC-14
"54-10-201505","201505","54-10","54","10",5855.69,3627.78,1506.89,"10","10","","2",01-DEC-14
"54-11-201505","201505","54-11","54","11",5855.69,3665.33,1445.41,"11","11","","2",01-DEC-14
"54-12-201505","201505","54-12","54","12",5855.69,3571.31,1555.44,"12","12","","2",01-DEC-14
"54-13-201505","201505","54-13","54","13",5855.69,3640.28,1512.46,"13","13","","2",01-DEC-14
"54-14-201505","201505","54-14","54","14",5855.69,3594.88,1512.46,"14","14","","2",01-DEC-14
"54-15-201505","201505","54-15","54","15",5855.69,3612.78,1512.46,"15","15","","2",01-DEC-14
"54-16-201505","201505","54-16","54","16",5855.69,3629.86,1512.46,"16","16","","2",01-DEC-14
"54-17-201505","201505","54-17","54","17",5855.69,3557.25,1562.18,"17","17","","2",01-DEC-14
"54-18-201505","201505","54-18","54","18",5855.69,3561.18,1563.39,"18","18","","2",01-DEC-14
"54-19-201505","201505","54-19","54","19",5855.69,529.94,4692.01,"19","19","","2",01-DEC-14
"54-2-201505","201505","54-2","54","2",5855.69,4159.06,875.1,"2","2","","2",01-DEC-14
"54-20-201505","201505","54-20","54","20",5855.69,110,4349.05,"20","20","","2",01-DEC-14
"54-21-201505","201505","54-21","54","21",761.57,706.22,32.78,"21","21","","2",01-DEC-14
"54-3-201505","201505","54-3","54","3",5855.69,3483.03,1648.78,"3","3","","2",01-DEC-14
"54-4-201505","201505","54-4","54","4",5855.69,3627.7,1512.46,"4","4","","2",01-DEC-14
"54-5-201505","201505","54-5","54","5",5855.69,3559.64,1562.18,"5","5","","2",01-DEC-14
"54-6-201505","201505","54-6","54","6",5855.69,3619.96,1512.46,"6","6","","2",01-DEC-14
"54-7-201505","201505","54-7","54","7",5855.69,3648.99,1476.46,"7","7","","2",01-DEC-14
"54-8-201505","201505","54-8","54","8",5855.69,3613.07,1512.46,"8","8","","2",01-DEC-14
"54-9-201505","201505","54-9","54","9",5855.69,3517.73,1614.46,"9","9","","2",01-DEC-14
"56-00-201505","201505","56-00","56","00",13359.03,380.46,10881.78,"-1","-1","","3",01-DEC-14
"56-0-201505","201505","56-0","56","0",13801.78,7188.77,4763.96,"0","0","","2",01-DEC-14
"56-1-201505","201505","56-1","56","1",13522.66,7481.7,4969.48,"1","1","","2",01-DEC-14
"56-2-201505","201505","56-2","56","2",13489.58,8765.9,3371.23,"2","2","","2",01-DEC-14
"56-3-201505","201505","56-3","56","3",13480.63,8808.41,3345.87,"3","3","","2",01-DEC-14
"56-4-201505","201505","56-4","56","4",13478.25,8895.21,3336.68,"4","4","","2",01-DEC-14
"56-5-201505","201505","56-5","56","5",13479.24,8878.25,3251.88,"5","5","","2",01-DEC-14
"56-6-201505","201505","56-6","56","6",13492.29,9016.27,3194.02,"6","6","","2",01-DEC-14
"56-7-201505","201505","56-7","56","7",13492.29,9045.72,3121.24,"7","7","","2",01-DEC-14
"56-8-201505","201505","56-8","56","8",13487.71,9668.96,2248.93,"8","8","","0",01-DEC-14
"56-9-201505","201505","56-9","56","9",8598.38,0,7776.16,"9","9","","2",01-DEC-14
"57-0-201505","201505","57-0","57","0",6468.11,33.43,4881.46,"0","0","","2",01-DEC-14
"57-1-201505","201505","57-1","57","1",25168.48,19217.62,3133.31,"1","1","","2",01-DEC-14
"57-2-201505","201505","57-2","57","2",5776.99,3474.93,1553.81,"2","2","","2",01-DEC-14
"57-3-201505","201505","57-3","57","3",1707.46,0,947.94,"3","3","","2",01-DEC-14
"62-0-201505","201505","62-0","62","0",13215.12,8113.5,3475.18,"0","0","","2",01-DEC-14
"62-1-201505","201505","62-1","62","1",12852.17,9026.89,2613.16,"1","1","","2",01-DEC-14
"62-2-201505","201505","62-2","62","2",12836.05,8420.97,3265.23,"2","2","","2",01-DEC-14
"62-3-201505","201505","62-3","62","3",12886.92,8461.37,3183.39,"3","3","","2",01-DEC-14
"62-4-201505","201505","62-4","62","4",12681.91,8128.82,3340.59,"4","4","","2",01-DEC-14
"62-5-201505","201505","62-5","62","5",12681.83,8421.23,3059,"5","5","","2",01-DEC-14
"62H-0-201505","201505","62H-0","62H","0",4398.34,3174.46,650.77,"0","0","","2",01-DEC-14
"62H-1-201505","201505","62H-1","62H","1",4413.58,2699.32,1265.45,"1","1","","2",01-DEC-14
"62H-2-201505","201505","62H-2","62H","2",4397.02,2780.52,1202.39,"2","2","","2",01-DEC-14
"62H-3-201505","201505","62H-3","62H","3",4454.96,2853.15,1161.38,"3","3","","2",01-DEC-14
"62H-4-201505","201505","62H-4","62H","4",4377.39,2605.78,1341.85,"4","4","","2",01-DEC-14
"62H-5-201505","201505","62H-5","62H","5",4370.53,2819.71,1138.66,"5","5","","2",01-DEC-14
"62M-0-201505","201505","62M-0","62M","0",4548.86,3120.01,840.51,"0","0","","2",01-DEC-14
"62M-1-201505","201505","62M-1","62M","1",4223.44,3574.24,291.51,"1","1","","2",01-DEC-14
"62M-2-201505","201505","62M-2","62M","2",4227.6,2890.27,978.23,"2","2","","2",01-DEC-14
"62M-3-201505","201505","62M-3","62M","3",4228.35,2869.96,960.17,"3","3","","2",01-DEC-14
"62M-4-201505","201505","62M-4","62M","4",4170.08,2831.52,949.35,"4","4","","2",01-DEC-14
"62M-5-201505","201505","62M-5","62M","5",4170.08,2839.96,940.99,"5","5","","2",01-DEC-14
"62W-0-201505","201505","62W-0","62W","0",4267.92,1819.03,1983.9,"0","0","","2",01-DEC-14
"62W-1-201505","201505","62W-1","62W","1",4215.15,2753.33,1056.2,"1","1","","2",01-DEC-14
"62W-2-201505","201505","62W-2","62W","2",4211.43,2750.18,1084.61,"2","2","","2",01-DEC-14
"62W-3-201505","201505","62W-3","62W","3",4203.61,2738.26,1061.84,"3","3","","2",01-DEC-14
"62W-4-201505","201505","62W-4","62W","4",4134.44,2691.52,1049.39,"4","4","","2",01-DEC-14
"62W-5-201505","201505","62W-5","62W","5",4141.22,2761.56,979.35,"5","5","","2",01-DEC-14
"64-0-201505","201505","64-0","64","0",12371.33,7259.28,3539.58,"0","0","","2",01-DEC-14
"64-1-201505","201505","64-1","64","1",12212.26,8172.33,2845.11,"1","1","","2",01-DEC-14
"64-2-201505","201505","64-2","64","2",12212.26,8461.38,2568.05,"2","2","","2",01-DEC-14
"64-3-201505","201505","64-3","64","3",12212.26,8217.54,2796.97,"3","3","","2",01-DEC-14
"64-4-201505","201505","64-4","64","4",12212.26,8027.12,2988.37,"4","4","","2",01-DEC-14
"64-5-201505","201505","64-5","64","5",12212.26,8321.74,2698.59,"5","5","","2",01-DEC-14
"64B-0-201505","201505","64B-0","64B","0",3916.92,1723.83,1652.14,"0","0","","2",01-DEC-14
"64B-1-201505","201505","64B-1","64B","1",3947.95,2479.96,1057.76,"1","1","","2",01-DEC-14
"64B-2-201505","201505","64B-2","64B","2",3947.95,2633.54,903.98,"2","2","","2",01-DEC-14
"64B-3-201505","201505","64B-3","64B","3",3947.95,2633.54,905.24,"3","3","","2",01-DEC-14
"64B-4-201505","201505","64B-4","64B","4",3947.95,2479.96,1057.97,"4","4","","2",01-DEC-14
"64B-5-201505","201505","64B-5","64B","5",3947.95,2633.54,906.17,"5","5","","2",01-DEC-14
"64G-0-201505","201505","64G-0","64G","0",4234.25,2751.24,934.05,"0","0","","2",01-DEC-14
"64G-1-201505","201505","64G-1","64G","1",4110.63,2816.42,902.41,"1","1","","2",01-DEC-14
"64G-2-201505","201505","64G-2","64G","2",4110.63,2938.41,780.42,"2","2","","2",01-DEC-14
"64G-3-201505","201505","64G-3","64G","3",4110.63,2816.42,902,"3","3","","2",01-DEC-14
"64G-4-201505","201505","64G-4","64G","4",4110.63,2797.92,921.43,"4","4","","2",01-DEC-14
"64G-5-201505","201505","64G-5","64G","5",4110.63,2920.7,801.69,"5","5","","2",01-DEC-14
"64W-0-201505","201505","64W-0","64W","0",4220.16,2784.21,953.39,"0","0","","2",01-DEC-14
"64W-1-201505","201505","64W-1","64W","1",4153.68,2875.95,884.94,"1","1","","2",01-DEC-14
"64W-2-201505","201505","64W-2","64W","2",4153.68,2889.43,883.65,"2","2","","2",01-DEC-14
"64W-3-201505","201505","64W-3","64W","3",4153.68,2767.58,989.73,"3","3","","2",01-DEC-14
"64W-4-201505","201505","64W-4","64W","4",4153.68,2749.24,1008.97,"4","4","","2",01-DEC-14
"64W-5-201505","201505","64W-5","64W","5",4153.68,2767.5,990.73,"5","5","","2",01-DEC-14
"66-00-201505","201505","66-00","66","00",18838.6,6367.44,10566.3,"-1","00","","3",01-DEC-14
"66-0-201505","201505","66-0","66","0",19319.37,9874.59,7371.83,"0","0","","1",01-DEC-14
"66-1-201505","201505","66-1","66","1",18045.2,10196.51,5739.06,"1","1","","2",01-DEC-14
"66-2-201505","201505","66-2","66","2",17585.89,11072.72,4174.39,"2","2","","2",01-DEC-14
"66-3-201505","201505","66-3","66","3",18521.15,11057.5,5803.21,"3","3","","2",01-DEC-14
"66-4-201505","201505","66-4","66","4",18548.72,11169.82,5581.61,"4","4","","2",01-DEC-14
"66-5-201505","201505","66-5","66","5",17829.58,11283.58,4360.34,"5","5","","2",01-DEC-14
"66-6-201505","201505","66-6","66","6",5173.77,0,4696.39,"6","6","","2",01-DEC-14
"68-00-201505","201505","68-00","68","00",33203.01,21125.15,8160.4,"-1","00","","0",01-DEC-14
"68-0-201505","201505","68-0","68","0",40910.39,10158.73,26721.15,"0","0","","2",01-DEC-14
"68-1-201505","201505","68-1","68","1",27592.44,14771.51,10692.93,"1","1","","2",01-DEC-14
"68-2-201505","201505","68-2","68","2",29627.68,20754.98,6456.88,"2","2","","2",01-DEC-14
"68-3-201505","201505","68-3","68","3",29842.2,20451.14,6732.65,"3","3","","2",01-DEC-14
"68-4-201505","201505","68-4","68","4",29631.29,20681.57,6493.63,"4","4","","2",01-DEC-14
"68-5-201505","201505","68-5","68","5",29414.25,20436.45,6355.51,"5","5","","2",01-DEC-14
"68-6-201505","201505","68-6","68","6",28101.86,19535.89,6073.79,"6","6","","2",01-DEC-14
"68-7-201505","201505","68-7","68","7",12050.88,7961.69,2968.24,"7","7","","2",01-DEC-14
"76-0-201505","201505","76-0","76","0",49813.33,22843.63,21977.36,"0","0","","2",01-DEC-14
"76-1-201505","201505","76-1","76","1",40318.11,25306.52,10090.75,"1","1","","2",01-DEC-14
"76-2-201505","201505","76-2","76","2",41457.02,25333.29,10616.51,"2","2","","2",01-DEC-14
"76-3-201505","201505","76-3","76","3",41457,25297.02,10682.47,"3","3","","2",01-DEC-14
"76-4-201505","201505","76-4","76","4",41457.04,25225.94,10966.02,"4","4","","2",01-DEC-14
"76-5-201505","201505","76-5","76","5",41457.01,25232.18,10715.86,"5","5","","2",01-DEC-14
"76-6-201505","201505","76-6","76","6",41457.01,25531.2,10629.31,"6","6","","2",01-DEC-14
"76-7-201505","201505","76-7","76","7",39092.13,25960.06,8283.69,"7","7","","0",01-DEC-14
"76-8-201505","201505","76-8","76","8",31179.95,0,30623.1,"8","8","","0",01-DEC-14
"E1-0-201505","201505","E1-0","E1","0",5829.27,3069.25,1926.87,"0","0","","2",01-DEC-14
"E1-1-201505","201505","E1-1","E1","1",6003.37,3451.84,1895.77,"1","1","","2",01-DEC-14
"E1-2-201505","201505","E1-2","E1","2",5156.49,3500.3,960.55,"2","2","","2",01-DEC-14
"E1-3-201505","201505","E1-3","E1","3",1653.4,1169.22,184.76,"3","3","","2",01-DEC-14
"E2-0-201505","201505","E2-0","E2","0",12633.33,7188.93,3520.09,"0","0","","2",01-DEC-14
"E2-1-201505","201505","E2-1","E2","1",12630.8,6302.48,4330.17,"1","1","","2",01-DEC-14
"E2-2-201505","201505","E2-2","E2","2",12110.74,7233.11,2931.08,"2","2","","2",01-DEC-14
"E2-3-201505","201505","E2-3","E2","3",12149.24,7134.29,3067.35,"3","3","","2",01-DEC-14
"E2-4-201505","201505","E2-4","E2","4",11257.54,6407.29,3057.11,"4","4","","2",01-DEC-14
"E2-5-201505","201505","E2-5","E2","5",2133.3,863.81,886.26,"5","5","","2",01-DEC-14
"E2-6-201505","201505","E2-6","E2","6",1755.58,1092.34,364.4,"6","6","","2",01-DEC-14
"E14-0-201505","201505","E14-0","E14","0",33463.85,1184.97,29348.44,"0","0","","2",01-DEC-14
"E14-1-201505","201505","E14-1","E14","1",26623.94,11323.4,13339.88,"1","1","","2",01-DEC-14
"E14-2-201505","201505","E14-2","E14","2",20994.92,11318.2,7730,"2","2","","2",01-DEC-14
"E14-3-201505","201505","E14-3","E14","3",23647.65,13028.84,8807.05,"3","3","","2",01-DEC-14
"E14-4-201505","201505","E14-4","E14","4",19940.58,10915.98,7181.8,"4","4","","2",01-DEC-14
"E14-5-201505","201505","E14-5","E14","5",21824.6,12241.6,7349.3,"5","5","","2",01-DEC-14
"E14-6-201505","201505","E14-6","E14","6",21272.03,13630.3,5169.37,"6","6","","2",01-DEC-14
"E14-7-201505","201505","E14-7","E14","7",6107.64,149.31,4826.83,"7","7","","2",01-DEC-14
"E15-0-201505","201505","E15-0","E15","0",30270.35,16256.39,11907.65,"0","0","","2",01-DEC-14
"E15-1-201505","201505","E15-1","E15","1",20969.59,12343.17,7090.03,"1","1","","2",01-DEC-14
"E15-2-201505","201505","E15-2","E15","2",12884.8,8968.88,2509.98,"2","2","","2",01-DEC-14
"E15-3-201505","201505","E15-3","E15","3",25237.35,20856.16,2710.19,"3","3","","2",01-DEC-14
"E15-4-201505","201505","E15-4","E15","4",25235.17,20544.15,2900.26,"4","4","","2",01-DEC-14
"E15-5-201505","201505","E15-5","E15","5",5734.16,0,5263.77,"5","5","","2",01-DEC-14
"E17-0-201505","201505","E17-0","E17","0",7492.9,2266.06,4610.67,"0","0","","2",01-DEC-14
"E17-1-201505","201505","E17-1","E17","1",13378.68,8800.33,3338.79,"1","1","","2",01-DEC-14
"E17-2-201505","201505","E17-2","E17","2",12573.88,10091.98,1207.8,"2","2","","2",01-DEC-14
"E17-3-201505","201505","E17-3","E17","3",12491.96,9975.75,1344.68,"3","3","","2",01-DEC-14
"E17-4-201505","201505","E17-4","E17","4",12488.01,10094.04,1167.91,"4","4","","2",01-DEC-14
"E17-5-201505","201505","E17-5","E17","5",11644.72,7076.18,3355.49,"5","5","","2",01-DEC-14
"E17-6-201505","201505","E17-6","E17","6",7240.04,5831.18,800.88,"6","6","","0",01-DEC-14
"E17-7-201505","201505","E17-7","E17","7",6207.85,0,5673.68,"7","7","","2",01-DEC-14
"E18-0-201505","201505","E18-0","E18","0",18907.09,6763.78,10542.58,"0","0","","2",01-DEC-14
"E18-1-201505","201505","E18-1","E18","1",15388.83,10861.3,3548.82,"1","1","","2",01-DEC-14
"E18-2-201505","201505","E18-2","E18","2",12568.93,9353.43,1928.29,"2","2","","2",01-DEC-14
"E18-3-201505","201505","E18-3","E18","3",12582.56,9419.2,2071.6,"3","3","","2",01-DEC-14
"E18-4-201505","201505","E18-4","E18","4",12260.74,9097.83,2098.4,"4","4","","2",01-DEC-14
"E18-5-201505","201505","E18-5","E18","5",13572.99,9797.01,2455.92,"5","5","","0",01-DEC-14
"E18-6-201505","201505","E18-6","E18","6",17977.96,13696.05,2834.12,"6","6","","2",01-DEC-14
"E18-7-201505","201505","E18-7","E18","7",9880.01,0,9254.1,"7","7","","2",01-DEC-14
"E19-0-201505","201505","E19-0","E19","0",18476.4,7713.68,9407.71,"0","0","","2",01-DEC-14
"E19-1-201505","201505","E19-1","E19","1",18431.49,13245.42,3978.53,"1","1","","2",01-DEC-14
"E19-2-201505","201505","E19-2","E19","2",18635.59,13829.14,3301.06,"2","2","","2",01-DEC-14
"E19-3-201505","201505","E19-3","E19","3",18583.22,13689.61,3519.23,"3","3","","2",01-DEC-14
"E19-4-201505","201505","E19-4","E19","4",18945.51,12328.01,5243.71,"4","4","","2",01-DEC-14
"E19-5-201505","201505","E19-5","E19","5",18511.38,13481.51,3237.48,"5","5","","2",01-DEC-14
"E19-6-201505","201505","E19-6","E19","6",18488.28,13718.67,3379.25,"6","6","","2",01-DEC-14
"E19-7-201505","201505","E19-7","E19","7",18420.9,12585.9,4601.35,"7","7","","2",01-DEC-14
"E19-8-201505","201505","E19-8","E19","8",937.48,0,821.21,"8","8","","2",01-DEC-14
"E23-0-201505","201505","E23-0","E23","0",20713.03,8963.39,9526.91,"0","0","","2",01-DEC-14
"E23-1-201505","201505","E23-1","E23","1",21144.27,12753.36,5907.83,"1","1","","2",01-DEC-14
"E23-2-201505","201505","E23-2","E23","2",19601.93,14255.34,2834.28,"2","2","","2",01-DEC-14
"E23-3-201505","201505","E23-3","E23","3",19668.82,14338.64,2831.59,"3","3","","2",01-DEC-14
"E23-4-201505","201505","E23-4","E23","4",14298.03,10484.11,1871.19,"4","4","","2",01-DEC-14
"E23-5-201505","201505","E23-5","E23","5",6387.17,4564,797.01,"5","5","","2",01-DEC-14
"E25-0-201505","201505","E25-0","E25","0",29417.02,14611.33,11368.86,"0","0","","0",01-DEC-14
"E25-1-201505","201505","E25-1","E25","1",28217.74,14503.43,11115.67,"1","1","","2",01-DEC-14
"E25-2-201505","201505","E25-2","E25","2",18864.69,12017.75,4214.71,"2","2","","2",01-DEC-14
"E25-3-201505","201505","E25-3","E25","3",19042.01,11605.16,5118.31,"3","3","","2",01-DEC-14
"E25-4-201505","201505","E25-4","E25","4",18980.53,12399.15,4063.68,"4","4","","2",01-DEC-14
"E25-5-201505","201505","E25-5","E25","5",18556.05,12278.99,3661.24,"5","5","","2",01-DEC-14
"E25-6-201505","201505","E25-6","E25","6",18811.93,12824.35,3780.04,"6","6","","2",01-DEC-14
"E25-7-201505","201505","E25-7","E25","7",4786.39,0,4300.95,"7","7","","2",01-DEC-14
"E33-1-201505","201505","E33-1","E33","1",5492.46,4771.56,277.81,"1","1","","2",01-DEC-14
"E33-2-201505","201505","E33-2","E33","2",2487.16,2135.43,25.65,"2","2","","2",01-DEC-14
"E34-0-201505","201505","E34-0","E34","0",656.1,0,512.5,"0","0","","2",01-DEC-14
"E34-1-201505","201505","E34-1","E34","1",5358.65,3118.06,1684.58,"1","1","","2",01-DEC-14
"E34-2-201505","201505","E34-2","E34","2",5349.9,3535.81,1298.26,"2","2","","2",01-DEC-14
"E34-3-201505","201505","E34-3","E34","3",5313.54,2911.66,1815.18,"3","3","","2",01-DEC-14
"E34-4-201505","201505","E34-4","E34","4",5289.55,2621.63,2005.24,"4","4","","2",01-DEC-14
"E34-5-201505","201505","E34-5","E34","5",5253.76,3733.91,978.1,"5","5","","2",01-DEC-14
"E34-6-201505","201505","E34-6","E34","6",202.57,0,149.35,"6","6","","2",01-DEC-14
"E38-0-201505","201505","E38-0","E38","0",8774.44,6095.14,1801.82,"0","0","","2",01-DEC-14
"E38-1-201505","201505","E38-1","E38","1",8711.08,5434.61,2668.92,"1","1","","2",01-DEC-14
"E38-2-201505","201505","E38-2","E38","2",8711.08,6052.66,1912.09,"2","2","","2",01-DEC-14
"E38-3-201505","201505","E38-3","E38","3",8668,7070.24,918.85,"3","3","","2",01-DEC-14
"E38-4-201505","201505","E38-4","E38","4",8722.04,6976.88,1018.74,"4","4","","2",01-DEC-14
"E38-5-201505","201505","E38-5","E38","5",8759.2,6071.5,1973.04,"5","5","","2",01-DEC-14
"E38-6-201505","201505","E38-6","E38","6",8682.67,6764.16,1150.3,"6","6","","2",01-DEC-14
"E38-7-201505","201505","E38-7","E38","7",5366.13,3940.47,831.13,"7","7","","2",01-DEC-14
"E38-8-201505","201505","E38-8","E38","8",136.11,0,121,"8","8","","2",01-DEC-14
"E39-0-201505","201505","E39-0","E39","0",4836.9,3792.86,149.16,"0","0","","2",01-DEC-14
"E39-1-201505","201505","E39-1","E39","1",1509.09,1004.94,4.95,"1","1","","2",01-DEC-14
"E39-2-201505","201505","E39-2","E39","2",10714.41,8680.58,689.32,"2","2","","2",01-DEC-14
"E39-3-201505","201505","E39-3","E39","3",10600.79,8766.96,546.66,"3","3","","2",01-DEC-14
"E40-0-201505","201505","E40-0","E40","0",22041.33,6112.49,13903.68,"0","0","","2",01-DEC-14
"E40-1-201505","201505","E40-1","E40","1",21234.27,15921.85,3046.58,"1","1","","2",01-DEC-14
"E40-2-201505","201505","E40-2","E40","2",20883.04,16425.45,2332.39,"2","2","","2",01-DEC-14
"E40-3-201505","201505","E40-3","E40","3",20772.42,15853.32,2812,"3","3","","2",01-DEC-14
"E40-4-201505","201505","E40-4","E40","4",20908.21,16922.49,1857.47,"4","4","","2",01-DEC-14
"E40-5-201505","201505","E40-5","E40","5",875.3,0,616.99,"5","5","","2",01-DEC-14
"E48-2-201505","201505","E48-2","E48","2",16113.43,13926.51,206.74,"2","2","","2",01-DEC-14
"E48-3-201505","201505","E48-3","E48","3",2683.63,1595.29,0,"3","3","","2",01-DEC-14
"E48-4-201505","201505","E48-4","E48","4",10283.51,8481.67,300.21,"4","4","","2",01-DEC-14
"E48-5-201505","201505","E48-5","E48","5",15241.19,13167.84,201.47,"5","5","","2",01-DEC-14
"E51-0-201505","201505","E51-0","E51","0",25475.51,10875.54,11757.66,"0","0","","2",01-DEC-14
"E51-1-201505","201505","E51-1","E51","1",22426.26,12361.93,7143.43,"1","1","","2",01-DEC-14
"E51-2-201505","201505","E51-2","E51","2",24674.14,12213.02,9369.9,"2","2","","2",01-DEC-14
"E51-3-201505","201505","E51-3","E51","3",25652.78,16370.25,6466.55,"3","3","","2",01-DEC-14
"E51-4-201505","201505","E51-4","E51","4",9917.36,436.19,8345.27,"4","4","","2",01-DEC-14
"E52-0-201505","201505","E52-0","E52","0",20160.26,11442.09,6712.72,"0","0","","2",01-DEC-14
"E52-1-201505","201505","E52-1","E52","1",19852.21,10137.44,7413.32,"1","1","","2",01-DEC-14
"E52-2-201505","201505","E52-2","E52","2",18295.45,11064.77,5013.56,"2","2","","2",01-DEC-14
"E52-3-201505","201505","E52-3","E52","3",19919.82,12080.68,5437.37,"3","3","","2",01-DEC-14
"E52-4-201505","201505","E52-4","E52","4",19907.09,14100.23,3560.36,"4","4","","2",01-DEC-14
"E52-5-201505","201505","E52-5","E52","5",19907.09,14506.8,3235.19,"5","5","","2",01-DEC-14
"E52-6-201505","201505","E52-6","E52","6",19687.88,12419.62,5145,"6","6","","2",01-DEC-14
"E52-7-201505","201505","E52-7","E52","7",6220.32,1175,4459.98,"7","7","","2",01-DEC-14
"E53-0-201505","201505","E53-0","E53","0",26364.9,14364.08,10659.23,"0","0","","2",01-DEC-14
"E53-1-201505","201505","E53-1","E53","1",14229.92,10620.35,2482.14,"1","1","","2",01-DEC-14
"E53-2-201505","201505","E53-2","E53","2",16902.33,13369.34,2208.56,"2","2","","2",01-DEC-14
"E53-3-201505","201505","E53-3","E53","3",18491.87,12593.72,4394.48,"3","3","","2",01-DEC-14
"E53-4-201505","201505","E53-4","E53","4",18315.08,12466.61,4393.19,"4","4","","2",01-DEC-14
"E53-5-201505","201505","E53-5","E53","5",1141,0,1015.48,"5","5","","2",01-DEC-14
"E55-0-201505","201505","E55-0","E55","0",5810.28,1042.94,4066.7,"0","0","","2",01-DEC-14
"E55-1-201505","201505","E55-1","E55","1",4750.72,3549.87,622.34,"1","1","","2",01-DEC-14
"E55-10-201505","201505","E55-10","E55","10",5788.33,4174.32,852.36,"10","10","","2",01-DEC-14
"E55-11-201505","201505","E55-11","E55","11",5788.33,4174.32,852.36,"11","11","","2",01-DEC-14
"E55-12-201505","201505","E55-12","E55","12",5788.33,4174.32,852.36,"12","12","","2",01-DEC-14
"E55-13-201505","201505","E55-13","E55","13",5788.33,4174.32,852.36,"13","13","","2",01-DEC-14
"E55-14-201505","201505","E55-14","E55","14",5788.33,4174.32,852.36,"14","14","","2",01-DEC-14
"E55-15-201505","201505","E55-15","E55","15",5788.33,4174.32,1025.37,"15","15","","2",01-DEC-14
"E55-16-201505","201505","E55-16","E55","16",5788.33,4174.32,852.36,"16","16","","2",01-DEC-14
"E55-17-201505","201505","E55-17","E55","17",5788.33,4174.32,852.36,"17","17","","2",01-DEC-14
"E55-18-201505","201505","E55-18","E55","18",5788.33,4174.32,852.36,"18","18","","2",01-DEC-14
"E55-19-201505","201505","E55-19","E55","19",5788.33,4174.32,852.36,"19","19","","2",01-DEC-14
"E55-2-201505","201505","E55-2","E55","2",5788.33,4174.32,852.36,"2","2","","2",01-DEC-14
"E55-20-201505","201505","E55-20","E55","20",5788.33,4174.32,852.36,"20","20","","2",01-DEC-14
"E55-21-201505","201505","E55-21","E55","21",5788.33,4174.32,852.36,"21","21","","2",01-DEC-14
"E55-22-201505","201505","E55-22","E55","22",5788.33,4174.32,852.36,"22","22","","2",01-DEC-14
"E55-23-201505","201505","E55-23","E55","23",5788.33,4155.16,878.26,"23","23","","2",01-DEC-14
"E55-24-201505","201505","E55-24","E55","24",5788.33,4155.16,878.26,"24","24","","2",01-DEC-14
"E55-25-201505","201505","E55-25","E55","25",5788.33,4155.16,878.26,"25","25","","2",01-DEC-14
"E55-26-201505","201505","E55-26","E55","26",5788.33,4155.16,878.26,"26","26","","2",01-DEC-14
"E55-27-201505","201505","E55-27","E55","27",5788.33,4155.16,878.26,"27","27","","2",01-DEC-14
"E55-28-201505","201505","E55-28","E55","28",5788.33,4155.16,878.26,"28","28","","2",01-DEC-14
"E55-29-201505","201505","E55-29","E55","29",4819.92,3098.69,1099.45,"29","29","","2",01-DEC-14
"E55-3-201505","201505","E55-3","E55","3",5788.33,4174.32,852.36,"3","3","","2",01-DEC-14
"E55-30-201505","201505","E55-30","E55","30",693,0,514.61,"30","30","","2",01-DEC-14
"E55-4-201505","201505","E55-4","E55","4",5788.33,4174.32,852.36,"4","4","","2",01-DEC-14
"E55-5-201505","201505","E55-5","E55","5",5788.33,4174.32,852.36,"5","5","","2",01-DEC-14
"E55-6-201505","201505","E55-6","E55","6",5788.33,4174.32,852.36,"6","6","","2",01-DEC-14
"E55-7-201505","201505","E55-7","E55","7",5788.33,4174.32,852.36,"7","7","","2",01-DEC-14
"E55-8-201505","201505","E55-8","E55","8",5788.33,4174.32,852.36,"8","8","","2",01-DEC-14
"E55-9-201505","201505","E55-9","E55","9",5788.33,4174.32,852.36,"9","9","","2",01-DEC-14
"E60-0-201505","201505","E60-0","E60","0",8229.7,1856.47,4874.85,"0","0","","2",01-DEC-14
"E60-1-201505","201505","E60-1","E60","1",7364.23,3169.03,3090.01,"1","1","","2",01-DEC-14
"E60-2-201505","201505","E60-2","E60","2",7361.28,3758.8,2625.29,"2","2","","2",01-DEC-14
"E60-3-201505","201505","E60-3","E60","3",7174.9,3752.52,2498.3,"3","3","","2",01-DEC-14
"E62-00-201505","201505","E62-00","E62","00",61441.29,55257.88,3646.93,"-1","-1","","3",01-DEC-14
"E62-000-201505","201505","E62-000","E62","000",61489.29,56008.85,2269.43,"-2","-2","","3",01-DEC-14
"E62-0000-201505","201505","E62-0000","E62","0000",14923.96,13006.32,543.62,"-3","-3","","3",01-DEC-14
"E62-0-201505","201505","E62-0","E62","0",58114.95,42352.67,11251.6,"0","0","","1",01-DEC-14
"E62-1-201505","201505","E62-1","E62","1",40618.07,18771.63,17951.06,"1","1","","2",01-DEC-14
"E62-2-201505","201505","E62-2","E62","2",33733.1,16568.5,12799.61,"2","2","","2",01-DEC-14
"E62-3-201505","201505","E62-3","E62","3",30353.35,18433.03,8438.91,"3","3","","2",01-DEC-14
"E62-4-201505","201505","E62-4","E62","4",30613.9,17867.84,9259.01,"4","4","","2",01-DEC-14
"E62-5-201505","201505","E62-5","E62","5",31019.98,18377.4,9095.97,"5","5","","2",01-DEC-14
"E62-6-201505","201505","E62-6","E62","6",30555.08,17880.09,9336.66,"6","6","","2",01-DEC-14
"E62-7-201505","201505","E62-7","E62","7",12171,0,10710.24,"7","7","","2",01-DEC-14
"E70-12-201505","201505","E70-12","E70","12",16916.85,13967.73,0,"12","12","","3",01-DEC-14
"E70-6-201505","201505","E70-6","E70","6",8949.67,7498.28,0,"6","6","","2",01-DEC-14
"E70-8-201505","201505","E70-8","E70","8",9048.06,7582.63,0,"8","8","","2",01-DEC-14
"E90-12-201505","201505","E90-12","E90","12",14245.56,12565.39,152.18,"12","12","","3",01-DEC-14
"EE19-3-201505","201505","EE19-3","EE19","3",20514.89,18402.12,117.63,"3","3","","1",01-DEC-14
"EE20-4-201505","201505","EE20-4","EE20","4",17637.21,15924.72,300.29,"4","4","","3",01-DEC-14
"EE20-6-201505","201505","EE20-6","EE20","6",13456.3,12165.88,124.68,"6","6","","3",01-DEC-14
"N4-0-201505","201505","N4-0","N4","0",20925,16707.48,3345.68,"0","0","","2",01-DEC-14
"N4-1-201505","201505","N4-1","N4","1",16275.52,15088.75,427.31,"1","1","","2",01-DEC-14
"N4-2-201505","201505","N4-2","N4","2",15513.92,14446.08,289.9,"2","2","","2",01-DEC-14
"N4-3-201505","201505","N4-3","N4","3",14351.63,13393.42,282.63,"3","3","","2",01-DEC-14
"N4-4-201505","201505","N4-4","N4","4",15513.92,14446.08,289.9,"4","4","","2",01-DEC-14
"N4-5-201505","201505","N4-5","N4","5",14351.63,13393.42,282.63,"5","5","","2",01-DEC-14
"N4-6-201505","201505","N4-6","N4","6",15513.92,14446.08,289.9,"6","6","","2",01-DEC-14
"N4-7-201505","201505","N4-7","N4","7",14351.63,13393.42,282.63,"7","7","","2",01-DEC-14
"N4-8-201505","201505","N4-8","N4","8",16234.97,14553.61,289.9,"8","8","","2",01-DEC-14
"N9-1-201505","201505","N9-1","N9","1",5957.13,5352.27,153.75,"1","1","","2",01-DEC-14
"N10-0-201505","201505","N10-0","N10","0",718,525.31,4.28,"0","0","","2",01-DEC-14
"N10-1-201505","201505","N10-1","N10","1",4888.72,3837.06,295.49,"1","1","","2",01-DEC-14
"N10-2-201505","201505","N10-2","N10","2",4434.74,3745.29,332.26,"2","2","","2",01-DEC-14
"N16-0-201505","201505","N16-0","N16","0",3211.26,0,2919.93,"0","0","","2",01-DEC-14
"N16-1-201505","201505","N16-1","N16","1",6232.75,0,5947.76,"1","1","","2",01-DEC-14
"N16-2-201505","201505","N16-2","N16","2",11702.62,0,6801.15,"2","2","","2",01-DEC-14
"N16-3-201505","201505","N16-3","N16","3",10187.82,0,9360.61,"3","3","","2",01-DEC-14
"N16A-0-201505","201505","N16A-0","N16A","0",4643.63,0,4313.32,"0","0","","2",01-DEC-14
"N16A-1-201505","201505","N16A-1","N16A","1",646.09,0,326.45,"1","1","","2",01-DEC-14
"N16A-2-201505","201505","N16A-2","N16A","2",4476.39,0,4012.6,"2","2","","2",01-DEC-14
"N16B-1-201505","201505","N16B-1","N16B","1",543.47,0,511.42,"1","1","","2",01-DEC-14
"N16B-2-201505","201505","N16B-2","N16B","2",706.25,0,649.16,"2","2","","2",01-DEC-14
"N16C-1-201505","201505","N16C-1","N16C","1",2925.3,155.39,2705.41,"1","1","","2",01-DEC-14
"N51-0-201505","201505","N51-0","N51","0",1431.2,1066.13,124.04,"0","0","","2",01-DEC-14
"N51-1-201505","201505","N51-1","N51","1",17248.03,13933.21,2041.18,"1","1","","2",01-DEC-14
"N51-2-201505","201505","N51-2","N51","2",12942.66,9076.66,2756.76,"2","2","","2",01-DEC-14
"N51-3-201505","201505","N51-3","N51","3",13359.04,8565.41,3497.31,"3","3","","2",01-DEC-14
"N52-0-201505","201505","N52-0","N52","0",20484.79,10297.54,7954.88,"0","0","","2",01-DEC-14
"N52-1-201505","201505","N52-1","N52","1",20345.55,13772.15,4503.7,"1","1","","2",01-DEC-14
"N52-2-201505","201505","N52-2","N52","2",20995.73,15981.4,2856.59,"2","2","","2",01-DEC-14
"N52-3-201505","201505","N52-3","N52","3",20947.34,15292.51,3378.43,"3","3","","2",01-DEC-14
"N52-4-201505","201505","N52-4","N52","4",20874.62,16043.97,2429.21,"4","4","","2",01-DEC-14
"N52-5-201505","201505","N52-5","N52","5",226.41,0,148.58,"5","5","","2",01-DEC-14
"N57-0-201505","201505","N57-0","N57","0",1340.04,692.79,467.27,"0","0","","2",01-DEC-14
"N57-1-201505","201505","N57-1","N57","1",9060.25,7909.31,605.66,"1","1","","2",01-DEC-14
"N57-2-201505","201505","N57-2","N57","2",9059.17,8125.88,482.91,"2","2","","2",01-DEC-14
"N57-3-201505","201505","N57-3","N57","3",9057.93,8264.47,420.97,"3","3","","2",01-DEC-14
"N57-4-201505","201505","N57-4","N57","4",9057.93,8264.29,421.15,"4","4","","2",01-DEC-14
"N57-5-201505","201505","N57-5","N57","5",9057.93,8264.47,417.1,"5","5","","2",01-DEC-14
"NE123A-1-201505","201505","NE123A-1","NE123A","1",1812.03,439.51,0,"1","1","","2",01-DEC-14
"NE18-5-201505","201505","NE18-5","NE18","5",13425.78,11916.88,8.42,"5","5","","2",01-DEC-14
"NE18-9-201505","201505","NE18-9","NE18","9",19619.13,17078.19,251.6,"9","9","","3",01-DEC-14
"NE25-3-201505","201505","NE25-3","NE25","3",0,0,0,"3","3","","2",01-DEC-14
"NE25-7-201505","201505","NE25-7","NE25","7",15375.72,14460.12,37.84,"7","7","","2",01-DEC-14
"NE35-1-201505","201505","NE35-1","NE35","1",9525.85,8264.35,0,"1","1","","2",01-DEC-14
"NE45-2-201505","201505","NE45-2","NE45","2",8049.06,4586.56,0,"2","2","","3",01-DEC-14
"NE47-0-201505","201505","NE47-0","NE47","0",5488.28,3707.28,556.1,"0","0","","2",01-DEC-14
"NE47-1-201505","201505","NE47-1","NE47","1",4098.66,3099.73,308.7,"1","1","","2",01-DEC-14
"NE47-2-201505","201505","NE47-2","NE47","2",15030.98,13236.43,338.72,"2","2","","2",01-DEC-14
"NE47-3-201505","201505","NE47-3","NE47","3",15010.55,13023.43,346.52,"3","3","","2",01-DEC-14
"NE47-4-201505","201505","NE47-4","NE47","4",14197.45,12588.35,277.7,"4","4","","2",01-DEC-14
"NE47-5-201505","201505","NE47-5","NE47","5",14469.09,12932.75,258.39,"5","5","","2",01-DEC-14
"NE48-3-201505","201505","NE48-3","NE48","3",8043.73,6437.3,797.4,"3","3","","2",01-DEC-14
"NE49-2-201505","201505","NE49-2","NE49","2",25304.92,23613.18,118.61,"2","2","","2",01-DEC-14
"NE49-3-201505","201505","NE49-3","NE49","3",24915.77,23222.04,120.06,"3","3","","2",01-DEC-14
"NE49-4-201505","201505","NE49-4","NE49","4",21428.17,19846.19,110.61,"4","4","","2",01-DEC-14
"NE83-4-201505","201505","NE83-4","NE83","4",10467.45,8888.84,405.35,"4","4","","2",01-DEC-14
"NE83-5-201505","201505","NE83-5","NE83","5",10328.14,8518.93,468.56,"5","5","","2",01-DEC-14
"NW10-0-201505","201505","NW10-0","NW10","0",30149.49,16753.91,9209.72,"0","0","","2",01-DEC-14
"NW10-1-201505","201505","NW10-1","NW10","1",26729.15,17022.01,5646.99,"1","1","","2",01-DEC-14
"NW10-2-201505","201505","NW10-2","NW10","2",29327.23,19156.67,6153.61,"2","2","","2",01-DEC-14
"NW10-3-201505","201505","NW10-3","NW10","3",29321.97,19115.63,6183.25,"3","3","","2",01-DEC-14
"NW10-4-201505","201505","NW10-4","NW10","4",17001.94,10318.65,4079.73,"4","4","","2",01-DEC-14
"NW12-0-201505","201505","NW12-0","NW12","0",4862.61,3600.47,406.63,"0","0","","2",01-DEC-14
"NW12-1-201505","201505","NW12-1","NW12","1",29365.77,20853.01,5892.63,"1","1","","2",01-DEC-14
"NW12-2-201505","201505","NW12-2","NW12","2",8013.51,5174.63,1835.83,"2","2","","2",01-DEC-14
"NW12-3-201505","201505","NW12-3","NW12","3",7534.13,5229.74,1467.53,"3","3","","2",01-DEC-14
"NW12-4-201505","201505","NW12-4","NW12","4",157.37,0,108.26,"4","4","","2",01-DEC-14
"NW12A-1-201505","201505","NW12A-1","NW12A","1",382.61,311.78,0,"1","1","","2",01-DEC-14
"NW13-0-201505","201505","NW13-0","NW13","0",17448.64,12443.96,2891.08,"0","0","","2",01-DEC-14
"NW13-1-201505","201505","NW13-1","NW13","1",21006.6,17962.68,1879.26,"1","1","","2",01-DEC-14
"NW13-2-201505","201505","NW13-2","NW13","2",22612.82,16231.52,4656.57,"2","2","","2",01-DEC-14
"NW13-3-201505","201505","NW13-3","NW13","3",191.48,0,148.37,"3","3","","2",01-DEC-14
"NW14-0-201505","201505","NW14-0","NW14","0",36213.43,27341.92,7073.75,"0","0","","2",01-DEC-14
"NW14-1-201505","201505","NW14-1","NW14","1",34426.73,23730.68,8228.98,"1","1","","2",01-DEC-14
"NW14-2-201505","201505","NW14-2","NW14","2",38489.92,31596.03,4457.35,"2","2","","2",01-DEC-14
"NW14-3-201505","201505","NW14-3","NW14","3",14625.6,8853.34,4153.99,"3","3","","2",01-DEC-14
"NW14-4-201505","201505","NW14-4","NW14","4",9845.29,5864.87,2880.11,"4","4","","2",01-DEC-14
"NW14-5-201505","201505","NW14-5","NW14","5",9918.77,6090.8,2748.25,"5","5","","2",01-DEC-14
"NW14-6-201505","201505","NW14-6","NW14","6",1453.59,0,1341.88,"6","6","","2",01-DEC-14
"NW15-0-201505","201505","NW15-0","NW15","0",8029.44,7217.57,250.75,"0","0","","2",01-DEC-14
"NW15-1-201505","201505","NW15-1","NW15","1",8107.85,7551.29,27.04,"1","1","","2",01-DEC-14
"NW16-0-201505","201505","NW16-0","NW16","0",16100.33,9558.68,5446.75,"0","0","","2",01-DEC-14
"NW16-1-201505","201505","NW16-1","NW16","1",16012.24,10719.83,3739.18,"1","1","","2",01-DEC-14
"NW16-2-201505","201505","NW16-2","NW16","2",17896.86,11067.9,5138.06,"2","2","","2",01-DEC-14
"NW16-3-201505","201505","NW16-3","NW16","3",138.96,0,116.38,"3","3","","2",01-DEC-14
"NW17-0-201505","201505","NW17-0","NW17","0",16348.75,10169.06,4498.86,"0","0","","2",01-DEC-14
"NW17-1-201505","201505","NW17-1","NW17","1",12780.68,7347.69,3576.58,"1","1","","2",01-DEC-14
"NW17-2-201505","201505","NW17-2","NW17","2",16268.03,10106.19,4238.92,"2","2","","2",01-DEC-14
"NW20-0-201505","201505","NW20-0","NW20","0",157.58,140.92,0,"0","0","","2",01-DEC-14
"NW20-1-201505","201505","NW20-1","NW20","1",5627.12,5151.06,0,"1","1","","2",01-DEC-14
"NW21-0-201505","201505","NW21-0","NW21","0",42226.13,5256.88,33806.14,"0","0","","2",01-DEC-14
"NW21-1-201505","201505","NW21-1","NW21","1",65807.78,50561.8,9460.68,"1","1","","2",01-DEC-14
"NW21-2-201505","201505","NW21-2","NW21","2",12102.81,9264.78,1431.47,"2","2","","2",01-DEC-14
"NW22-0-201505","201505","NW22-0","NW22","0",16740.38,13260.58,2077.97,"0","0","","2",01-DEC-14
"NW22-1-201505","201505","NW22-1","NW22","1",16799.44,13040.6,1899.79,"1","1","","2",01-DEC-14
"NW22-2-201505","201505","NW22-2","NW22","2",16578.39,12942.81,1556.91,"2","2","","2",01-DEC-14
"NW30-0-201505","201505","NW30-0","NW30","0",19937.18,9390.84,7878.53,"0","0","","2",01-DEC-14
"NW30-1-201505","201505","NW30-1","NW30","1",19950.84,12115,4905.75,"1","1","","2",01-DEC-14
"NW30-2-201505","201505","NW30-2","NW30","2",19948.24,12567.42,4531.27,"2","2","","2",01-DEC-14
"NW30-3-201505","201505","NW30-3","NW30","3",19948.65,12563.8,4504.33,"3","3","","2",01-DEC-14
"NW30-4-201505","201505","NW30-4","NW30","4",5094.7,3492.65,836.16,"4","4","","2",01-DEC-14
"NW30-5-201505","201505","NW30-5","NW30","5",932.58,30.5,526.59,"5","5","","2",01-DEC-14
"NW35-1-201505","201505","NW35-1","NW35","1",56182.41,32479.58,16131.72,"1","1","","2",01-DEC-14
"NW35-2-201505","201505","NW35-2","NW35","2",57633.61,36666.75,12940.78,"2","2","","2",01-DEC-14
"NW35-3-201505","201505","NW35-3","NW35","3",62325.35,39320.14,12733.09,"3","3","","2",01-DEC-14
"NW35-4-201505","201505","NW35-4","NW35","4",38346.79,24457.09,8217.02,"4","4","","2",01-DEC-14
"NW35-5-201505","201505","NW35-5","NW35","5",38347.33,24717.33,8050.74,"5","5","","2",01-DEC-14
"NW61-0-201505","201505","NW61-0","NW61","0",7674.18,4604.96,1883.27,"0","0","","2",01-DEC-14
"NW61-1-201505","201505","NW61-1","NW61","1",7919.46,5126.91,1466.22,"1","1","","2",01-DEC-14
"NW61-2-201505","201505","NW61-2","NW61","2",7958.63,5280.74,1413.65,"2","2","","2",01-DEC-14
"NW61-3-201505","201505","NW61-3","NW61","3",7958.63,5277.26,1413.64,"3","3","","2",01-DEC-14
"NW61-4-201505","201505","NW61-4","NW61","4",7958.63,5277.26,1413.64,"4","4","","2",01-DEC-14
"NW86-1-201505","201505","NW86-1","NW86","1",50758.65,30489.57,13459.77,"1","1","","2",01-DEC-14
"NW86-10-201505","201505","NW86-10","NW86","10",872.44,0,650.73,"10","10","","2",01-DEC-14
"NW86-2-201505","201505","NW86-2","NW86","2",49654.78,35444.2,7574.88,"2","2","","2",01-DEC-14
"NW86-3-201505","201505","NW86-3","NW86","3",51297.81,36338.19,8484.04,"3","3","","2",01-DEC-14
"NW86-4-201505","201505","NW86-4","NW86","4",49551.53,35541.04,7653.29,"4","4","","2",01-DEC-14
"NW86-5-201505","201505","NW86-5","NW86","5",51229.39,36178.44,8400.02,"5","5","","2",01-DEC-14
"NW86-6-201505","201505","NW86-6","NW86","6",36156.12,25665.49,5584.93,"6","6","","2",01-DEC-14
"NW86-7-201505","201505","NW86-7","NW86","7",25188.22,17365.78,4562.04,"7","7","","2",01-DEC-14
"NW86-8-201505","201505","NW86-8","NW86","8",23863.67,17133.96,3512.15,"8","8","","2",01-DEC-14
"NW86-9-201505","201505","NW86-9","NW86","9",24114.21,17212.07,3918.95,"9","9","","2",01-DEC-14
"NW86P-0-201505","201505","NW86P-0","NW86P","0",52869.94,42666.46,6075.51,"0","0","","2",01-DEC-14
"OC1-00-201505","201505","OC1-00","OC1","00",3455.76,487.84,1898.79,"-1","00","","3",01-DEC-14
"OC1-0-201505","201505","OC1-0","OC1","0",6440.51,3321.79,1919.31,"0","0","","2",01-DEC-14
"OC1-1-201505","201505","OC1-1","OC1","1",6340.61,4121.74,1198.96,"1","1","","2",01-DEC-14
"OC1-2-201505","201505","OC1-2","OC1","2",5927.08,3841.81,1013.52,"2","2","","2",01-DEC-14
"OC1-3-201505","201505","OC1-3","OC1","3",4290.42,2797.18,861.18,"3","3","","2",01-DEC-14
"OC1-4-201505","201505","OC1-4","OC1","4",2759.81,2659.08,69.86,"4","4","","2",01-DEC-14
"OC1A-0-201505","201505","OC1A-0","OC1A","0",2793.97,1288.08,905.26,"0","0","","2",01-DEC-14
"OC1A-1-201505","201505","OC1A-1","OC1A","1",9939.25,7198.77,1676.97,"1","1","","2",01-DEC-14
"OC1A-2-201505","201505","OC1A-2","OC1A","2",2403.06,1196.75,769.27,"2","2","","2",01-DEC-14
"OC6-1-201505","201505","OC6-1","OC6","1",2200.92,1282.67,0,"1","1","","2",01-DEC-14
"OC100-6-201505","201505","OC100-6","OC100","6",2649.3,1891.48,16.82,"6","6","","2",01-DEC-14
"OC11-4-201505","201505","OC11-4","OC11","4",4982.15,3178.81,0,"4","4","","2",01-DEC-14
"OC11-7-201505","201505","OC11-7","OC11","7",3807.38,3451.9,0,"7","7","","2",01-DEC-14
"OC19A-1-201505","201505","OC19A-1","OC19A","1",6766.98,5452.11,715.94,"1","1","","2",01-DEC-14
"OC19B-0-201505","201505","OC19B-0","OC19B","0",3371.85,2260.72,343.78,"0","0","","2",01-DEC-14
"OC19B-1-201505","201505","OC19B-1","OC19B","1",10439.04,8166.26,1234.41,"1","1","","2",01-DEC-14
"OC19D-1-201505","201505","OC19D-1","OC19D","1",7760.09,7211.92,0,"1","1","","2",01-DEC-14
"OC19E-1-201505","201505","OC19E-1","OC19E","1",2661.24,2225.79,103.52,"1","1","","2",01-DEC-14
"OC19F-1-201505","201505","OC19F-1","OC19F","1",40156.7,26883.45,3837.01,"1","1","","2",01-DEC-14
"OC19F-2-201505","201505","OC19F-2","OC19F","2",3814.32,671.26,420.33,"2","2","","2",01-DEC-14
"OC19F-3-201505","201505","OC19F-3","OC19F","3",5027.26,804.71,1371.3,"3","3","","2",01-DEC-14
"OC19F-4-201505","201505","OC19F-4","OC19F","4",3931.96,149.42,917.28,"4","4","","2",01-DEC-14
"OC19F-5-201505","201505","OC19F-5","OC19F","5",4272.55,2970.34,983.09,"5","5","","2",01-DEC-14
"OC19G-1-201505","201505","OC19G-1","OC19G","1",454.61,372.3,13.64,"1","1","","2",01-DEC-14
"OC20-1-201505","201505","OC20-1","OC20","1",18705.96,18190.1,0,"1","1","","2",01-DEC-14
"OC21-1-201505","201505","OC21-1","OC21","1",2578.17,2302.46,0,"1","1","","2",01-DEC-14
"OC21-2-201505","201505","OC21-2","OC21","2",531.77,512.73,0,"2","2","","2",01-DEC-14
"OC22-1-201505","201505","OC22-1","OC22","1",881.78,794.16,0.03,"1","1","","2",01-DEC-14
"OC23-0-201505","201505","OC23-0","OC23","0",1508.09,1224.67,0,"0","0","","2",01-DEC-14
"OC23-1-201505","201505","OC23-1","OC23","1",526.29,392.58,0,"1","1","","2",01-DEC-14
"OC24-1-201505","201505","OC24-1","OC24","1",9060.39,7042.49,849.63,"1","1","","2",01-DEC-14
"OC25-1-201505","201505","OC25-1","OC25","1",42922.56,32925.58,4266.76,"1","1","","2",01-DEC-14
"OC26-1-201505","201505","OC26-1","OC26","1",1396.85,1220.02,30.67,"1","1","","2",01-DEC-14
"OC31-1-201505","201505","OC31-1","OC31","1",11485,6872.07,3491.64,"1","1","","2",01-DEC-14
"OC31-2-201505","201505","OC31-2","OC31","2",9678.64,6374.91,2393.2,"2","2","","2",01-DEC-14
"OC31A-1-201505","201505","OC31A-1","OC31A","1",2989.21,2567.45,151.48,"1","1","","2",01-DEC-14
"OC32-0-201505","201505","OC32-0","OC32","0",9366.31,6831.32,1748.68,"0","0","","2",01-DEC-14
"OC32-1-201505","201505","OC32-1","OC32","1",9269.07,7981.2,677.11,"1","1","","2",01-DEC-14
"OC32A-1-201505","201505","OC32A-1","OC32A","1",1585.32,0,1180.83,"1","1","","2",01-DEC-14
"OC32B-1-201505","201505","OC32B-1","OC32B","1",132.03,116.25,0,"1","1","","2",01-DEC-14
"OC33-0-201505","201505","OC33-0","OC33","0",863.5,723.32,8.07,"0","0","","2",01-DEC-14
"OC33-1-201505","201505","OC33-1","OC33","1",11558.25,7948.65,2455.42,"1","1","","2",01-DEC-14
"OC35-1-201505","201505","OC35-1","OC35","1",14484.27,8950.5,4068.84,"1","1","","2",01-DEC-14
"OC35-2-201505","201505","OC35-2","OC35","2",11350,7810.51,2316.39,"2","2","","2",01-DEC-14
"OC36-1-201505","201505","OC36-1","OC36","1",6910.33,4364.63,1851.64,"1","1","","2",01-DEC-14
"OC36A-1-201505","201505","OC36A-1","OC36A","1",960,912.58,0,"1","1","","2",01-DEC-14
"OC40-2-201505","201505","OC40-2","OC40","2",1469.02,1469.03,0,"2","2","","3",01-DEC-14
"W1-0-201505","201505","W1-0","W1","0",33054.34,15290.16,11579.45,"0","0","","2",01-DEC-14
"W1-1-201505","201505","W1-1","W1","1",26949.26,16563.61,5376.68,"1","1","","2",01-DEC-14
"W1-2-201505","201505","W1-2","W1","2",25795.36,14816.08,5307.31,"2","2","","2",01-DEC-14
"W1-3-201505","201505","W1-3","W1","3",25807.01,15102.39,5001.72,"3","3","","2",01-DEC-14
"W1-4-201505","201505","W1-4","W1","4",25807.01,14878.14,5296.2,"4","4","","2",01-DEC-14
"W1-5-201505","201505","W1-5","W1","5",25806.99,15261.64,5251.19,"5","5","","2",01-DEC-14
"W1-6-201505","201505","W1-6","W1","6",25798.46,15606.74,4930.61,"6","6","","2",01-DEC-14
"W1-7-201505","201505","W1-7","W1","7",674.73,0,614.41,"7","7","","2",01-DEC-14
"W2-0-201505","201505","W2-0","W2","0",2489.96,1726.48,387.97,"0","0","","2",01-DEC-14
"W2-1-201505","201505","W2-1","W2","1",2834.06,1091.65,1267.27,"1","1","","2",01-DEC-14
"W2-2-201505","201505","W2-2","W2","2",2448.52,1322.96,698.26,"2","2","","2",01-DEC-14
"W2-3-201505","201505","W2-3","W2","3",1826.78,1111.08,395.92,"3","3","","2",01-DEC-14
"W4-0-201505","201505","W4-0","W4","0",18360.31,6571.75,9819.05,"0","0","","2",01-DEC-14
"W4-1-201505","201505","W4-1","W4","1",27043.25,15230.89,8802.26,"1","1","","2",01-DEC-14
"W4-2-201505","201505","W4-2","W4","2",13249.34,8073.82,3131.47,"2","2","","2",01-DEC-14
"W4-3-201505","201505","W4-3","W4","3",12786.99,6814.28,3846.93,"3","3","","2",01-DEC-14
"W4-4-201505","201505","W4-4","W4","4",12803.63,6721.35,3923.53,"4","4","","2",01-DEC-14
"W4-5-201505","201505","W4-5","W4","5",12803.63,6847.3,3815.59,"5","5","","2",01-DEC-14
"W4-6-201505","201505","W4-6","W4","6",12803.63,6721.35,3919.74,"6","6","","2",01-DEC-14
"W4-7-201505","201505","W4-7","W4","7",12803.63,6847.3,3815.45,"7","7","","2",01-DEC-14
"W4-8-201505","201505","W4-8","W4","8",6335.15,2964.36,2419.45,"8","8","","2",01-DEC-14
"W5-0-201505","201505","W5-0","W5","0",3852.55,1447.78,1630.46,"0","0","","2",01-DEC-14
"W5-1-201505","201505","W5-1","W5","1",3787.97,2101.2,1005.13,"1","1","","2",01-DEC-14
"W5-2-201505","201505","W5-2","W5","2",3791.15,2081.88,1004.59,"2","2","","2",01-DEC-14
"W5-3-201505","201505","W5-3","W5","3",3787.97,2088.85,988.79,"3","3","","2",01-DEC-14
"W5-4-201505","201505","W5-4","W5","4",3791.32,2123.58,957.48,"4","4","","2",01-DEC-14
"W7-0-201505","201505","W7-0","W7","0",26550.55,15589.86,8759.55,"0","0","","2",01-DEC-14
"W7-1-201505","201505","W7-1","W7","1",20408.23,11813.87,6118.44,"1","1","","2",01-DEC-14
"W7-2-201505","201505","W7-2","W7","2",16225.04,9433.74,4962.78,"2","2","","2",01-DEC-14
"W7-3-201505","201505","W7-3","W7","3",16465.9,9812.57,4903.69,"3","3","","2",01-DEC-14
"W7-4-201505","201505","W7-4","W7","4",16909.94,9885.31,5245.94,"4","4","","2",01-DEC-14
"W7-5-201505","201505","W7-5","W7","5",16929.92,10285.24,4934.89,"5","5","","2",01-DEC-14
"W7-6-201505","201505","W7-6","W7","6",17119.11,10365,5055.22,"6","6","","2",01-DEC-14
"W7-7-201505","201505","W7-7","W7","7",2490.73,238.22,1651.53,"7","7","","2",01-DEC-14
"W8-0-201505","201505","W8-0","W8","0",10900.15,8843.45,1379.02,"0","0","","2",01-DEC-14
"W8-1-201505","201505","W8-1","W8","1",10810.57,7770.03,2342.44,"1","1","","2",01-DEC-14
"W11-0-201505","201505","W11-0","W11","0",5733.62,3659.71,1363.29,"0","0","","2",01-DEC-14
"W11-1-201505","201505","W11-1","W11","1",7856.79,4262.58,2789.01,"1","1","","2",01-DEC-14
"W13-0-201505","201505","W13-0","W13","0",10895.71,7057.06,2112.02,"0","0","","2",01-DEC-14
"W13-1-201505","201505","W13-1","W13","1",10495.81,8159.16,838.51,"1","1","","2",01-DEC-14
"W13-2-201505","201505","W13-2","W13","2",10495.81,7936.69,1068.77,"2","2","","2",01-DEC-14
"W13-3-201505","201505","W13-3","W13","3",10495.81,7936.69,1068.77,"3","3","","2",01-DEC-14
"W13-4-201505","201505","W13-4","W13","4",10495.81,7936.69,1068.77,"4","4","","2",01-DEC-14
"W15-0-201505","201505","W15-0","W15","0",2459.45,921.94,1260.95,"0","0","","2",01-DEC-14
"W15-1-201505","201505","W15-1","W15","1",2879.9,1969.9,628.62,"1","1","","2",01-DEC-14
"W16-0-201505","201505","W16-0","W16","0",22579.13,9109.6,10785.19,"0","0","","2",01-DEC-14
"W16-1-201505","201505","W16-1","W16","1",17029.86,9613.72,6739.26,"1","1","","2",01-DEC-14
"W16-2-201505","201505","W16-2","W16","2",2536.99,1731.39,192.34,"2","2","","2",01-DEC-14
"W20-0-201505","201505","W20-0","W20","0",33951.96,16950.78,13670.93,"0","0","","2",01-DEC-14
"W20-1-201505","201505","W20-1","W20","1",31212.43,19743.08,10612.9,"1","1","","2",01-DEC-14
"W20-2-201505","201505","W20-2","W20","2",31506.04,22869.58,7295.33,"2","2","","2",01-DEC-14
"1-0-201505","201505","1-0","1","0",29760.11,19252.02,7354.4,"0","0","","2",01-DEC-14
"1-1-201505","201505","1-1","1","1",28011.87,18594.36,6891.32,"1","1","","2",01-DEC-14
"1-2-201505","201505","1-2","1","2",28092.69,18899.32,6612.85,"2","2","","2",01-DEC-14
"1-3-201505","201505","1-3","1","3",28150.59,19428.35,5908.94,"3","3","","2",01-DEC-14
"1-4-201505","201505","1-4","1","4",2224.11,0,1946.61,"4","4","","3",01-DEC-14
"2-0-201505","201505","2-0","2","0",30809.31,16034.49,12223.97,"0","0","","2",01-DEC-14
"2-1-201505","201505","2-1","2","1",27893.61,18024.62,7092.06,"1","1","","2",01-DEC-14
"2-2-201505","201505","2-2","2","2",28024.91,18461.6,6894.43,"2","2","","2",01-DEC-14
"2-3-201505","201505","2-3","2","3",27865,18985.23,6238.58,"3","3","","2",01-DEC-14
"2-4-201505","201505","2-4","2","4",5708.2,1671.89,3321.82,"4","4","","2",01-DEC-14
"2-5-201505","201505","2-5","2","5",1348.74,756.48,131.19,"5","5","","2",01-DEC-14
"3-0-201505","201505","3-0","3","0",34988.41,22233.19,9509.3,"0","0","","2",01-DEC-14
"3-1-201505","201505","3-1","3","1",31498.94,19966.18,8716.7,"1","1","","2",01-DEC-14
"3-2-201505","201505","3-2","3","2",31176.11,20698.64,7469.82,"2","2","","2",01-DEC-14
"3-3-201505","201505","3-3","3","3",30133.82,20279.28,7138.13,"3","3","","2",01-DEC-14
"3-4-201505","201505","3-4","3","4",32326.8,21029.93,7906.73,"4","4","","2",01-DEC-14
"4-0-201505","201505","4-0","4","0",33390.28,19418.65,10580.95,"0","0","","2",01-DEC-14
"4-1-201505","201505","4-1","4","1",31429.76,19383.93,8933.68,"1","1","","2",01-DEC-14
"4-2-201505","201505","4-2","4","2",30792.8,19277.68,7935.74,"2","2","","2",01-DEC-14
"4-3-201505","201505","4-3","4","3",30670.33,18428.87,8775.68,"3","3","","2",01-DEC-14
"4-4-201505","201505","4-4","4","4",31950.2,24077.12,4916.31,"4","4","","2",01-DEC-14
"4-5-201505","201505","4-5","4","5",4331.38,0,3925.14,"5","5","","2",01-DEC-14
"5-0-201505","201505","5-0","5","0",16492.6,10163.2,4022.5,"0","0","","2",01-DEC-14
"5-1-201505","201505","5-1","5","1",16444.15,11001.02,3743.25,"1","1","","2",01-DEC-14
"5-2-201505","201505","5-2","5","2",16369.06,11687.48,3045.01,"2","2","","2",01-DEC-14
"5-3-201505","201505","5-3","5","3",16369.19,11189.89,3541.8,"3","3","","2",01-DEC-14
"5-4-201505","201505","5-4","5","4",15267.35,11184.36,2376.21,"4","4","","2",01-DEC-14
"6-0-201505","201505","6-0","6","0",18976,11523.71,4865.43,"0","0","","2",01-DEC-14
"6-1-201505","201505","6-1","6","1",18913.6,11109.46,5189.2,"1","1","","2",01-DEC-14
"6-2-201505","201505","6-2","6","2",17340.05,11023.22,3714.2,"2","2","","2",01-DEC-14
"6-3-201505","201505","6-3","6","3",16519.47,10133.2,4188.66,"3","3","","2",01-DEC-14
"6-4-201505","201505","6-4","6","4",16595.4,10092.14,4397.05,"4","4","","2",01-DEC-14
"6-5-201505","201505","6-5","6","5",482.4,0,347.22,"5","5","","2",01-DEC-14
"6B-1-201505","201505","6B-1","6B","1",1680.39,643.66,874.79,"1","1","","2",01-DEC-14
"6C-0-201505","201505","6C-0","6C","0",13767.93,5653.77,6449.04,"0","0","","2",01-DEC-14
"6C-1-201505","201505","6C-1","6C","1",9044.12,198.27,7578.77,"1","1","","2",01-DEC-14
"6C-2-201505","201505","6C-2","6C","2",7121.41,4109.3,1872.79,"2","2","","2",01-DEC-14
"6C-3-201505","201505","6C-3","6C","3",7475.01,2796.5,3636.25,"3","3","","2",01-DEC-14
"6C-4-201505","201505","6C-4","6C","4",6839.4,3368.44,2469.25,"4","4","","2",01-DEC-14
"6C-5-201505","201505","6C-5","6C","5",6898.91,0,5818.26,"5","5","","2",01-DEC-14
"7-0-201505","201505","7-0","7","0",21923.12,11446.93,7267.11,"0","0","","2",01-DEC-14
"7-1-201505","201505","7-1","7","1",20089.1,9212.85,8775.44,"1","1","","3",01-DEC-14
"7-2-201505","201505","7-2","7","2",15621.44,9257.66,4241.33,"2","2","","2",01-DEC-14
"7-3-201505","201505","7-3","7","3",15917.31,9205.97,4562.11,"3","3","","2",01-DEC-14
"7-4-201505","201505","7-4","7","4",19694.95,11628.72,5781.41,"4","4","","2",01-DEC-14
"7-5-201505","201505","7-5","7","5",7121.38,0,5744.87,"5","5","","2",01-DEC-14
"7-6-201505","201505","7-6","7","6",186.08,0,135.77,"6","6","","2",01-DEC-14
"7A-1-201505","201505","7A-1","7A","1",3476.1,2987.18,298.38,"1","1","","2",01-DEC-14
"7A-2-201505","201505","7A-2","7A","2",3475.99,2411.94,876.65,"3","2","","2",01-DEC-14
"7A-3-201505","201505","7A-3","7A","3",2898.37,2343.78,295.64,"5","3","","2",01-DEC-14
"7A-4-201505","201505","7A-4","7A","4",2883.84,2410.62,306.1,"6","4","","2",01-DEC-14
"7A-5-201505","201505","7A-5","7A","5",2883.84,2410.62,306.1,"7","5","","2",01-DEC-14
"7A-6-201505","201505","7A-6","7A","6",2883.84,2410.56,305.6,"8","6","","2",01-DEC-14
"8-0-201505","201505","8-0","8","0",13717.35,6398.1,5521.51,"0","0","","2",01-DEC-14
"8-1-201505","201505","8-1","8","1",13823.78,8729.39,3603.37,"1","1","","2",01-DEC-14
"8-2-201505","201505","8-2","8","2",12442.01,7596.64,3427.86,"2","2","","2",01-DEC-14
"8-3-201505","201505","8-3","8","3",12441.37,6824.65,4092.97,"3","3","","2",01-DEC-14
"8-4-201505","201505","8-4","8","4",12509.7,7722.3,3345.34,"4","4","","2",01-DEC-14
"8-5-201505","201505","8-5","8","5",961.85,0,868.69,"5","5","","2",01-DEC-14
"9-00-201505","201505","9-00","9","00",12457.73,2849.76,8533.16,"-1","00","","3",01-DEC-14
"9-0-201505","201505","9-0","9","0",6697.29,2979.9,2744.45,"0","0","","2",01-DEC-14
"9-1-201505","201505","9-1","9","1",7713.56,2302.5,4632.58,"1","1","","2",01-DEC-14
"9-2-201505","201505","9-2","9","2",12039.93,6635.44,3604,"2","2","","2",01-DEC-14
"9-3-201505","201505","9-3","9","3",12039.93,6971.03,3238.49,"3","3","","2",01-DEC-14
"9-4-201505","201505","9-4","9","4",12039.93,6050.08,4119.12,"4","4","","2",01-DEC-14
"9-5-201505","201505","9-5","9","5",11599.5,8023.45,2043.44,"5","5","","2",01-DEC-14
"9-6-201505","201505","9-6","9","6",832.96,559.19,49.28,"6","6","","2",01-DEC-14
"10-0-201505","201505","10-0","10","0",25724.83,13840.83,9495,"0","0","","2",01-DEC-14
"10-1-201505","201505","10-1","10","1",21761.68,12822.6,7085.85,"1","1","","3",01-DEC-14
"10-2-201505","201505","10-2","10","2",18840.42,10715.09,6427.31,"2","2","","2",01-DEC-14
"10-3-201505","201505","10-3","10","3",19219.14,13155.77,4387.47,"3","3","","2",01-DEC-14
"10-4-201505","201505","10-4","10","4",25044.76,13908.67,7839.41,"4","4","","2",01-DEC-14
"10-5-201505","201505","10-5","10","5",11661.6,8887.87,1592.22,"5","5","","2",01-DEC-14
"10-6-201505","201505","10-6","10","6",7700.19,5628.15,991.06,"6","6","","2",01-DEC-14
"10-7-201505","201505","10-7","10","7",7700.19,5628.27,988.34,"7","7","","2",01-DEC-14
"10-8-201505","201505","10-8","10","8",6268.44,1917.33,3393.53,"8","8","","2",01-DEC-14
"11-0-201505","201505","11-0","11","0",5143.55,3954.8,645.16,"0","0","","2",01-DEC-14
"11-1-201505","201505","11-1","11","1",7618.44,4991.38,1794.14,"1","1","","2",01-DEC-14
"11-2-201505","201505","11-2","11","2",5090.92,3498.2,976.39,"2","2","","2",01-DEC-14
"11-3-201505","201505","11-3","11","3",4475.34,3161.81,636.56,"3","3","","2",01-DEC-14
"11-4-201505","201505","11-4","11","4",4377.01,3082.49,734.9,"4","4","","2",01-DEC-14
"12-0-201505","201505","12-0","12","0",25742.56,17842.87,5799.1,"0","0","","2",01-DEC-14
"12-1-201505","201505","12-1","12","1",26689.94,17932.61,6427.47,"1","1","","2",01-DEC-14
"12-2-201505","201505","12-2","12","2",2580.46,274.39,1901.37,"2","2","","2",01-DEC-14
"12-3-201505","201505","12-3","12","3",390.25,123.85,146.32,"3","3","","2",01-DEC-14
"12A-0-201505","201505","12A-0","12A","0",1122.97,451.37,463.83,"0","0","","0",01-DEC-14
"13-0-201505","201505","13-0","13","0",14427.04,2432.44,10582.8,"0","0","","2",01-DEC-14
"13-1-201505","201505","13-1","13","1",21863.69,6967.25,13597.06,"1","1","","2",01-DEC-14
"13-2-201505","201505","13-2","13","2",36719.46,21771.48,10771.51,"2","2","","2",01-DEC-14
"13-3-201505","201505","13-3","13","3",36719.46,22207.99,12509.87,"3","3","","2",01-DEC-14
"13-4-201505","201505","13-4","13","4",36719.46,22378.1,12495.85,"4","4","","2",01-DEC-14
"13-5-201505","201505","13-5","13","5",36719.46,20955.79,11818.08,"5","5","","2",01-DEC-14
"14-0-201505","201505","14-0","14","0",42851.53,29685.05,11239.22,"0","0","","2",01-DEC-14
"14-1-201505","201505","14-1","14","1",43901.89,31999.39,8362.5,"1","1","","2",01-DEC-14
"14-2-201505","201505","14-2","14","2",32799.04,26378.99,3877.56,"2","2","","2",01-DEC-14
"14-3-201505","201505","14-3","14","3",18599.36,10122.95,5928.25,"3","3","","2",01-DEC-14
"14-4-201505","201505","14-4","14","4",15475.81,5422.2,8282.53,"4","4","","2",01-DEC-14
"14-5-201505","201505","14-5","14","5",888.1,309.76,535.8,"5","5","","2",01-DEC-14
"14E-1-201505","201505","14E-1","14E","1",8204.66,6979.44,626.8,"1","1","","2",01-DEC-14
"14E-2-201505","201505","14E-2","14E","2",5644.11,4996.18,208.33,"2","2","","2",01-DEC-14
"14E-3-201505","201505","14E-3","14E","3",6108.72,3481.75,2031.08,"3","3","","2",01-DEC-14
"14E-4-201505","201505","14E-4","14E","4",643.3,136.49,347.54,"4","4","","2",01-DEC-14
"14E-5-201505","201505","14E-5","14E","5",421.92,309.76,158.26,"5","5","","2",01-DEC-14
"14N-1-201505","201505","14N-1","14N","1",10923.99,5577.18,4182.59,"1","1","","2",01-DEC-14
"14N-2-201505","201505","14N-2","14N","2",8469.9,5030.49,2368.73,"2","2","","2",01-DEC-14
"14N-3-201505","201505","14N-3","14N","3",8494.72,5085.66,2351.18,"3","3","","2",01-DEC-14
"14N-4-201505","201505","14N-4","14N","4",8651.32,5285.71,2270.47,"4","4","","2",01-DEC-14
"14N-5-201505","201505","14N-5","14N","5",466.18,0,377.54,"5","5","","2",01-DEC-14
"14S-1-201505","201505","14S-1","14S","1",19760.1,16592.62,1775.48,"1","1","","2",01-DEC-14
"14S-2-201505","201505","14S-2","14S","2",18685.03,16352.32,1300.5,"2","2","","2",01-DEC-14
"14S-3-201505","201505","14S-3","14S","3",3995.92,1555.54,1545.99,"3","3","","2",01-DEC-14
"14S-4-201505","201505","14S-4","14S","4",6181.19,0,5664.52,"4","4","","2",01-DEC-14
"14W-1-201505","201505","14W-1","14W","1",5013.14,2850.15,1777.63,"1","1","","2",01-DEC-14
"16-0-201505","201505","16-0","16","0",14404.67,1963.52,10907.8,"0","0","","2",01-DEC-14
"16-1-201505","201505","16-1","16","1",12845.29,6505.19,5187.4,"1","1","","2",01-DEC-14
"16-2-201505","201505","16-2","16","2",12495.42,6991.35,4351.54,"2","2","","2",01-DEC-14
"16-3-201505","201505","16-3","16","3",12503.03,6987.19,4425.97,"3","3","","2",01-DEC-14
"16-4-201505","201505","16-4","16","4",12374.59,7018.67,4267.21,"4","4","","2",01-DEC-14
"16-5-201505","201505","16-5","16","5",12320.55,6964.84,4274.72,"5","5","","2",01-DEC-14
"16-6-201505","201505","16-6","16","6",11544.13,7631.43,2877.49,"6","6","","2",01-DEC-14
"16-7-201505","201505","16-7","16","7",11544.49,7479.28,3033.08,"7","7","","2",01-DEC-14
"16-8-201505","201505","16-8","16","8",11019.2,6336.11,3380.37,"8","8","","0",01-DEC-14
"16-9-201505","201505","16-9","16","9",5438.69,0,4367.61,"9","9","","2",01-DEC-14
"17-0-201505","201505","17-0","17","0",1424.21,1073.74,153.68,"0","0","","2",01-DEC-14
"17-1-201505","201505","17-1","17","1",4650.49,4512.1,109.73,"1","1","","2",01-DEC-14
"18-00-201505","201505","18-00","18","00",18346.01,5151.58,11247.5,"-1","00","","3",01-DEC-14
"18-0-201505","201505","18-0","18","0",22374.83,11114.11,8630.91,"0","0","","2",01-DEC-14
"18-1-201505","201505","18-1","18","1",15587.84,9663.21,4012.44,"1","1","","2",01-DEC-14
"18-2-201505","201505","18-2","18","2",18251.52,12674.65,3133.15,"2","2","","2",01-DEC-14
"18-3-201505","201505","18-3","18","3",18664.85,12688.11,3502.11,"3","3","","2",01-DEC-14
"18-4-201505","201505","18-4","18","4",18664.85,12617.06,3531.03,"4","4","","2",01-DEC-14
"18-5-201505","201505","18-5","18","5",18664.85,12550.96,3542.74,"5","5","","2",01-DEC-14
"18-6-201505","201505","18-6","18","6",2997.36,0,2782.94,"6","6","","2",01-DEC-14
"24-0-201505","201505","24-0","24","0",26751.38,17757.81,6902.39,"0","0","","2",01-DEC-14
"24-1-201505","201505","24-1","24","1",8598.96,5348.58,2511.28,"1","1","","2",01-DEC-14
"24-2-201505","201505","24-2","24","2",8612.19,5549.24,2313.7,"2","2","","2",01-DEC-14
"24-3-201505","201505","24-3","24","3",8612.1,5518.69,2361.69,"3","3","","2",01-DEC-14
"24-4-201505","201505","24-4","24","4",8612.19,5416.12,2345.8,"4","4","","2",01-DEC-14
"24-5-201505","201505","24-5","24","5",8612.19,5435.93,2385.44,"5","5","","2",01-DEC-14
"24-6-201505","201505","24-6","24","6",7617.75,5000.65,2096.11,"6","6","","2",01-DEC-14
"24-7-201505","201505","24-7","24","7",269.17,0,204.89,"7","7","","2",01-DEC-14
"26-0-201505","201505","26-0","26","0",28142.07,12045.53,13893.13,"0","0","","2",01-DEC-14
"26-1-201505","201505","26-1","26","1",24359.44,15708.77,6970.9,"1","1","","2",01-DEC-14
"26-2-201505","201505","26-2","26","2",18705.39,12577.22,4597.34,"2","2","","2",01-DEC-14
"26-3-201505","201505","26-3","26","3",18720,12618.95,4620.13,"3","3","","2",01-DEC-14
"26-4-201505","201505","26-4","26","4",18730.88,12641.91,4542.97,"4","4","","2",01-DEC-14
"26-5-201505","201505","26-5","26","5",18731.92,12483.3,4692.19,"5","5","","2",01-DEC-14
"26-6-201505","201505","26-6","26","6",5901.87,2613.61,2734.73,"6","6","","2",01-DEC-14
"26-7-201505","201505","26-7","26","7",253.55,0,151.48,"7","7","","2",01-DEC-14
"31-00-201505","201505","31-00","31","00",3455.19,3135.66,0,"-1","00","","3",01-DEC-14
"31-0-201505","201505","31-0","31","0",27444.29,21825.1,4173.53,"0","0","","2",01-DEC-14
"31-1-201505","201505","31-1","31","1",19095.88,13463.26,3916.26,"1","1","","2",01-DEC-14
"31-2-201505","201505","31-2","31","2",12810.91,9332.8,2197.82,"2","2","","2",01-DEC-14
"31-3-201505","201505","31-3","31","3",773.19,0,621.42,"3","3","","2",01-DEC-14
"32-0-201505","201505","32-0","32","0",116383.41,51549.83,53451.22,"0","0","","2",01-DEC-14
"32-1-201505","201505","32-1","32","1",49735.02,30270.52,14736.19,"1","1","","3",01-DEC-14
"32-D10-201505","201505","32-D10","32","D10",1008.69,0,791.97,"10","10","","2",01-DEC-14
"32-G10-201505","201505","32-G10","32","G10",1097.64,0,916.72,"10","10","","2",01-DEC-14
"32-2-201505","201505","32-2","32","2",35338.22,26456.75,5283.81,"2","2","","2",01-DEC-14
"W20-3-201505","201505","W20-3","W20","3",19762.91,12007.89,6227.51,"3","3","","2",01-DEC-14
"W20-4-201505","201505","W20-4","W20","4",38283.49,24706.47,11400.66,"4","4","","2",01-DEC-14
"W20-5-201505","201505","W20-5","W20","5",26252.94,19887.73,4686.15,"5","5","","2",01-DEC-14
"W20-6-201505","201505","W20-6","W20","6",2192.23,0,1962.96,"6","6","","2",01-DEC-14
"W31-0-201505","201505","W31-0","W31","0",28172.15,19156.76,5740.28,"0","1","","2",01-DEC-14
"W31-1-201505","201505","W31-1","W31","1",27864.96,24368.34,1364.57,"1","2","","2",01-DEC-14
"W31-2-201505","201505","W31-2","W31","2",8064.37,5066.87,1594.7,"2","3","","2",01-DEC-14
"W31-3-201505","201505","W31-3","W31","3",7342.02,4809.68,1044.96,"3","4","","2",01-DEC-14
"W32-0-201505","201505","W32-0","W32","0",21727.83,12860.68,6807.19,"0","1","","2",01-DEC-14
"W32-1-201505","201505","W32-1","W32","1",16868.6,11302.83,3924.8,"1","2","","2",01-DEC-14
"W32-2-201505","201505","W32-2","W32","2",7977.75,2040.18,4521.72,"2","3","","2",01-DEC-14
"W33-0-201505","201505","W33-0","W33","0",34427.72,32379.24,594.57,"0","1","","2",01-DEC-14
"W34-1-201505","201505","W34-1","W34","1",54583.73,31422.69,18816.68,"1","1","","2",01-DEC-14
"W34-2-201505","201505","W34-2","W34","2",54813.94,50895.64,1838.08,"2","3","","2",01-DEC-14
"W35-0-201505","201505","W35-0","W35","0",2076.91,0,1161.55,"0","0","","2",01-DEC-14
"W35-1-201505","201505","W35-1","W35","1",51624.03,40153.04,8501.4,"1","1","","2",01-DEC-14
"W35-2-201505","201505","W35-2","W35","2",31331.92,20365.37,7967.04,"2","2","","2",01-DEC-14
"W35-3-201505","201505","W35-3","W35","3",29912.89,15780.82,12024.7,"3","3","","2",01-DEC-14
"W35-4-201505","201505","W35-4","W35","4",6777.52,0,6627.64,"4","4","","2",01-DEC-14
"W35-5-201505","201505","W35-5","W35","5",356.77,0,133.74,"5","5","","2",01-DEC-14
"W45-0-201505","201505","W45-0","W45","0",36794.43,33215.14,1858.72,"0","0","","2",01-DEC-14
"W45-1-201505","201505","W45-1","W45","1",37523.66,36743.99,379.46,"1","1","","2",01-DEC-14
"W45-2-201505","201505","W45-2","W45","2",37560,36826.39,334.69,"2","2","","2",01-DEC-14
"W45-3-201505","201505","W45-3","W45","3",37560,36826.39,334.69,"3","3","","2",01-DEC-14
"W45-4-201505","201505","W45-4","W45","4",37560,36826.39,331.02,"4","4","","2",01-DEC-14
"W51-0-201505","201505","W51-0","W51","0",33084.86,17008.35,11726.7,"0","0","","2",01-DEC-14
"W51-1-201505","201505","W51-1","W51","1",35610.98,25500.59,5734.11,"1","1","","2",01-DEC-14
"W51-2-201505","201505","W51-2","W51","2",24617.65,15614.11,4923.13,"2","2","","2",01-DEC-14
"W51-3-201505","201505","W51-3","W51","3",24618.8,15638.55,4874.3,"3","3","","2",01-DEC-14
"W51-4-201505","201505","W51-4","W51","4",24619.18,15678.42,4849.06,"4","4","","2",01-DEC-14
"W51-5-201505","201505","W51-5","W51","5",24618.8,15644.25,4869.91,"5","5","","2",01-DEC-14
"W51-6-201505","201505","W51-6","W51","6",752.5,0,579.13,"6","6","","2",01-DEC-14
"W51C-0-201505","201505","W51C-0","W51C","0",2254.94,1325.02,591.55,"0","0","","2",01-DEC-14
"W51C-1-201505","201505","W51C-1","W51C","1",2886.9,1992.99,488.39,"1","1","","2",01-DEC-14
"W51C-2-201505","201505","W51C-2","W51C","2",3003,1838.4,702.97,"2","2","","2",01-DEC-14
"W51C-3-201505","201505","W51C-3","W51C","3",3003,1838.4,702.97,"3","3","","2",01-DEC-14
"W51C-4-201505","201505","W51C-4","W51C","4",3003,1838.4,702.97,"4","4","","2",01-DEC-14
"W51C-5-201505","201505","W51C-5","W51C","5",3003,1874.32,665.97,"5","5","","2",01-DEC-14
"W51C-6-201505","201505","W51C-6","W51C","6",132.96,0,91.48,"6","6","","2",01-DEC-14
"W53-1-201505","201505","W53-1","W53","1",25692.9,24982.22,0,"1","1","","2",01-DEC-14
"W53A-1-201505","201505","W53A-1","W53A","1",1159.47,694.95,259.08,"1","1","","2",01-DEC-14
"W53B-1-201505","201505","W53B-1","W53B","1",140,121.25,0,"1","1","","2",01-DEC-14
"W53C-1-201505","201505","W53C-1","W53C","1",180,0,151.33,"1","1","","2",01-DEC-14
"W53D-1-201505","201505","W53D-1","W53D","1",142.94,112.5,0,"1","1","","2",01-DEC-14
"W56-1-201505","201505","W56-1","W56","1",2835,2463.75,92.98,"1","1","","2",01-DEC-14
"W57-1-201505","201505","W57-1","W57","1",2030.11,1849.2,30.67,"1","1","","2",01-DEC-14
"W57A-1-201505","201505","W57A-1","W57A","1",117,91.07,0,"1","1","","3",01-DEC-14
"W59-0-201505","201505","W59-0","W59","0",12980.35,7502.46,3916.33,"0","0","","2",01-DEC-14
"W59-1-201505","201505","W59-1","W59","1",15653.43,11944.8,2125.17,"1","1","","2",01-DEC-14
"W59-2-201505","201505","W59-2","W59","2",7417.61,5462.15,935.97,"2","2","","2",01-DEC-14
"W61-00-201505","201505","W61-00","W61","00",12599.15,1065.11,8120.77,"-1","00","","3",01-DEC-14
"W61-000-201505","201505","W61-000","W61","000",6814.12,2099.83,3999.53,"-2","000","","3",01-DEC-14
"W61-0-201505","201505","W61-0","W61","0",31212.68,17706.25,9291.27,"0","0","","2",01-DEC-14
"W61-1-201505","201505","W61-1","W61","1",14868.21,9620.33,2537.33,"1","1","W61E.1 W61F.1 W61G.1 W61H.1 W61J.1 W61M.1","2",01-DEC-14
"W61-10-201505","201505","W61-10","W61","10",4211.4,2583.19,958.87,"10","10","W61B.1","2",01-DEC-14
"W61-11-201505","201505","W61-11","W61","11",4211.4,2648.85,925.4,"11","11","W61B.2","2",01-DEC-14
"W61-12-201505","201505","W61-12","W61","12",4211.4,2564.52,977.54,"12","12","W61B.3","2",01-DEC-14
"W61-13-201505","201505","W61-13","W61","13",4211.4,2564.52,977.54,"13","13","W61A.1","2",01-DEC-14
"W61-14-201505","201505","W61-14","W61","14",4211.4,2649.18,923.98,"14","14","W61A.2","2",01-DEC-14
"W61-15-201505","201505","W61-15","W61","15",4211.4,2564.52,977.54,"15","15","W61A.3","2",01-DEC-14
"W61-16-201505","201505","W61-16","W61","16",4318.1,3051.43,567.88,"16","16","","2",01-DEC-14
"W61-17-201505","201505","W61-17","W61","17",609.1,0,378.95,"17","17","","2",01-DEC-14
"W61-18-201505","201505","W61-18","W61","18",609.1,0,397.7,"18","18","","2",01-DEC-14
"W61-2-201505","201505","W61-2","W61","2",17655.43,12589.69,2301.86,"2","2","W61E.2 W61F.2 W61G.2 W61H.2 W61J.2 W61M.2","2",01-DEC-14
"W61-3-201505","201505","W61-3","W61","3",17993.47,12208.91,2339.53,"3","3","W61E.3 W61F.3 W61G.3 W61H.3 W61J.3 W61M.3","2",01-DEC-14
"W61-4-201505","201505","W61-4","W61","4",18135.72,12354.33,2339.29,"4","4","W61D.1 W61F.4 W61G.4 W61H.4 W61J.4 W61M.4","2",01-DEC-14
"W61-5-201505","201505","W61-5","W61","5",4211.4,2666.85,907.96,"5","5","W61D.2","2",01-DEC-14
"W61-6-201505","201505","W61-6","W61","6",4211.4,2583.19,959.43,"6","6","W61D.3","2",01-DEC-14
"W61-7-201505","201505","W61-7","W61","7",4211.4,2564.52,978.1,"7","7","W61C.1","2",01-DEC-14
"W61-8-201505","201505","W61-8","W61","8",4211.4,2666.85,906.87,"8","8","W61C.2","2",01-DEC-14
"W61-9-201505","201505","W61-9","W61","9",4211.4,2583.19,959.43,"9","9","W61C.3","2",01-DEC-14
"W61A-1-201505","201505","W61A-1","W61A","1",4211.4,2564.52,977.54,"1","1","","2",01-DEC-14
"W61A-2-201505","201505","W61A-2","W61A","2",4211.4,2649.18,923.98,"2","2","","2",01-DEC-14
"W61A-3-201505","201505","W61A-3","W61A","3",4211.4,2564.52,977.54,"3","3","","2",01-DEC-14
"W61B-1-201505","201505","W61B-1","W61B","1",4211.4,2583.19,958.87,"1","1","","2",01-DEC-14
"W61B-2-201505","201505","W61B-2","W61B","2",4211.4,2648.85,925.4,"2","2","","2",01-DEC-14
"W61B-3-201505","201505","W61B-3","W61B","3",4211.4,2564.52,977.54,"3","3","","2",01-DEC-14
"W61C-1-201505","201505","W61C-1","W61C","1",4211.4,2564.52,978.1,"1","1","","2",01-DEC-14
"W61C-2-201505","201505","W61C-2","W61C","2",4211.4,2666.85,906.87,"2","2","","2",01-DEC-14
"W61C-3-201505","201505","W61C-3","W61C","3",4211.4,2583.19,959.43,"3","3","","2",01-DEC-14
"W61D-1-201505","201505","W61D-1","W61D","1",4075.93,2418.81,875.15,"1","1","","2",01-DEC-14
"W61D-2-201505","201505","W61D-2","W61D","2",4211.4,2666.85,907.96,"2","2","","2",01-DEC-14
"W61D-3-201505","201505","W61D-3","W61D","3",4211.4,2583.19,959.43,"3","3","","2",01-DEC-14
"W61E-1-201505","201505","W61E-1","W61E","1",3830.58,2131.93,947.81,"1","1","","2",01-DEC-14
"W61E-2-201505","201505","W61E-2","W61E","2",3900.33,2289.26,911.45,"2","2","","2",01-DEC-14
"W61E-3-201505","201505","W61E-3","W61E","3",3933.69,2273.54,878.61,"3","3","","2",01-DEC-14
"W61F-1-201505","201505","W61F-1","W61F","1",1668.05,856.03,402.44,"1","1","","2",01-DEC-14
"W61F-2-201505","201505","W61F-2","W61F","2",2456.98,1642.58,368.88,"2","2","","2",01-DEC-14
"W61F-3-201505","201505","W61F-3","W61F","3",4243.28,2918.77,503.64,"3","3","","2",01-DEC-14
"W61F-4-201505","201505","W61F-4","W61F","4",4243.28,2919.64,503.97,"4","4","","2",01-DEC-14
"W61G-1-201505","201505","W61G-1","W61G","1",1500.42,936.33,298.76,"1","1","","2",01-DEC-14
"W61G-2-201505","201505","W61G-2","W61G","2",3683.95,2812.3,330.38,"2","2","","2",01-DEC-14
"W61G-3-201505","201505","W61G-3","W61G","3",3877.63,2840.72,330.32,"3","3","","2",01-DEC-14
"W61G-4-201505","201505","W61G-4","W61G","4",3880.63,2840.72,330.32,"4","4","","2",01-DEC-14
"W61H-1-201505","201505","W61H-1","W61H","1",1429.02,850.29,352.03,"1","1","","2",01-DEC-14
"W61H-2-201505","201505","W61H-2","W61H","2",3868.46,2830.82,426.79,"2","2","","2",01-DEC-14
"W61H-3-201505","201505","W61H-3","W61H","3",3982.62,2856.46,390.08,"3","3","","2",01-DEC-14
"W61H-4-201505","201505","W61H-4","W61H","4",3979.63,2852.65,395.72,"4","4","","2",01-DEC-14
"W61J-1-201505","201505","W61J-1","W61J","1",3453.13,2171.11,536.29,"1","1","","2",01-DEC-14
"W61J-2-201505","201505","W61J-2","W61J","2",1905.49,1320.84,239.88,"2","2","","2",01-DEC-14
"W61J-3-201505","201505","W61J-3","W61J","3",1956.25,1319.42,236.88,"3","3","","2",01-DEC-14
"W61J-4-201505","201505","W61J-4","W61J","4",1956.25,1322.51,234.13,"4","4","","2",01-DEC-14
"W61M-1-201505","201505","W61M-1","W61M","1",2987.01,2674.64,0,"1","1","","2",01-DEC-14
"W61M-2-201505","201505","W61M-2","W61M","2",1840.22,1693.89,24.48,"2","2","","2",01-DEC-14
"W64-1-201505","201505","W64-1","W64","1",7077.36,4534.06,1894.25,"1","1","","2",01-DEC-14
"W64-2-201505","201505","W64-2","W64","2",6290.47,4787.51,923.49,"2","2","","2",01-DEC-14
"W70-1-201505","201505","W70-1","W70","1",32191.8,18363.61,11082.37,"1","1","","2",01-DEC-14
"W70-2-201505","201505","W70-2","W70","2",22931.46,14086.01,5915.18,"2","2","","2",01-DEC-14
"W70-3-201505","201505","W70-3","W70","3",19018.19,11457.74,5097.53,"3","3","","2",01-DEC-14
"W70-4-201505","201505","W70-4","W70","4",20267.4,12181.69,5494.54,"4","4","","2",01-DEC-14
"W70-5-201505","201505","W70-5","W70","5",20267.4,12604.49,5014.38,"5","5","","2",01-DEC-14
"W70-6-201505","201505","W70-6","W70","6",254.06,0,188.85,"6","6","","2",01-DEC-14
"W70A-1-201505","201505","W70A-1","W70A","1",10098.9,4532.25,4969.1,"1","1","","2",01-DEC-14
"W70A-2-201505","201505","W70A-2","W70A","2",4055.12,2460.84,1078.15,"2","2","","2",01-DEC-14
"W70A-3-201505","201505","W70A-3","W70A","3",3098.19,2038.5,643.06,"3","3","","2",01-DEC-14
"W70A-4-201505","201505","W70A-4","W70A","4",3376.66,2049.45,871.03,"4","4","","2",01-DEC-14
"W70A-5-201505","201505","W70A-5","W70A","5",3376.66,2092.48,818.23,"5","5","","2",01-DEC-14
"W70B-1-201505","201505","W70B-1","W70B","1",3265.97,2317.86,615.57,"1","1","","2",01-DEC-14
"W70B-2-201505","201505","W70B-2","W70B","2",3137.35,1872.13,846.94,"2","2","","2",01-DEC-14
"W70B-3-201505","201505","W70B-3","W70B","3",3142.8,1814.06,931.77,"3","3","","2",01-DEC-14
"W70B-4-201505","201505","W70B-4","W70B","4",3285.65,2014.04,865.8,"4","4","","2",01-DEC-14
"W70B-5-201505","201505","W70B-5","W70B","5",3285.65,1941.09,927.41,"5","5","","2",01-DEC-14
"W70C-1-201505","201505","W70C-1","W70C","1",3420.86,2543.67,560.26,"1","1","","2",01-DEC-14
"W70C-2-201505","201505","W70C-2","W70C","2",4209.36,2593.99,1115.87,"2","2","","2",01-DEC-14
"W70C-3-201505","201505","W70C-3","W70C","3",3260.94,2018.9,827.2,"3","3","","2",01-DEC-14
"W70C-4-201505","201505","W70C-4","W70C","4",3550,2056.5,1044.52,"4","4","","2",01-DEC-14
"W70C-5-201505","201505","W70C-5","W70C","5",3550,2371.64,726.58,"5","5","","2",01-DEC-14
"W70D-1-201505","201505","W70D-1","W70D","1",3257.39,2293.84,632.94,"1","1","","2",01-DEC-14
"W70D-2-201505","201505","W70D-2","W70D","2",3190.13,1858.35,930.61,"2","2","","2",01-DEC-14
"W70D-3-201505","201505","W70D-3","W70D","3",3196.33,1862.45,932.48,"3","3","","2",01-DEC-14
"W70D-4-201505","201505","W70D-4","W70D","4",3331.02,2068.3,854.27,"4","4","","2",01-DEC-14
"W70D-5-201505","201505","W70D-5","W70D","5",3331.02,1982.8,919.33,"5","5","","2",01-DEC-14
"W70D-6-201505","201505","W70D-6","W70D","6",254.06,0,188.85,"6","6","","2",01-DEC-14
"W70E-1-201505","201505","W70E-1","W70E","1",3510.49,2428.52,742.95,"1","1","","2",01-DEC-14
"W70E-2-201505","201505","W70E-2","W70E","2",4132.65,2644.07,996.14,"2","2","","2",01-DEC-14
"W70E-3-201505","201505","W70E-3","W70E","3",3201.25,1982.03,808.82,"3","3","","2",01-DEC-14
"W70E-4-201505","201505","W70E-4","W70E","4",3474.22,2011.2,1019.17,"4","4","","2",01-DEC-14
"W70E-5-201505","201505","W70E-5","W70E","5",3474.22,2212.22,818.62,"5","5","","2",01-DEC-14
"W70F-1-201505","201505","W70F-1","W70F","1",2690.05,1389.5,989.08,"1","1","","2",01-DEC-14
"W70F-2-201505","201505","W70F-2","W70F","2",3111.7,1776.19,911.28,"2","2","","2",01-DEC-14
"W70F-3-201505","201505","W70F-3","W70F","3",3118.68,1741.8,954.2,"3","3","","2",01-DEC-14
"W70F-4-201505","201505","W70F-4","W70F","4",3249.85,1982.2,839.75,"4","4","","2",01-DEC-14
"W70F-5-201505","201505","W70F-5","W70F","5",3249.85,2004.26,804.21,"5","5","","2",01-DEC-14
"W70G-1-201505","201505","W70G-1","W70G","1",3886.9,1648.29,1972.51,"1","1","","2",01-DEC-14
"W71-0-201505","201505","W71-0","W71","0",12534.32,7423.65,3992.98,"0","0","","2",01-DEC-14
"W71-1-201505","201505","W71-1","W71","1",26577.25,19408.46,5034.21,"1","1","","2",01-DEC-14
"W71-2-201505","201505","W71-2","W71","2",23372.38,13445.99,6915.13,"2","2","","2",01-DEC-14
"W71-3-201505","201505","W71-3","W71","3",23245.04,14204,6024.99,"3","3","","2",01-DEC-14
"W71-4-201505","201505","W71-4","W71","4",23032.34,13925.25,6076.05,"4","4","","2",01-DEC-14
"W71-5-201505","201505","W71-5","W71","5",23245.13,14161.49,6091.11,"5","5","","2",01-DEC-14
"W79-0-201505","201505","W79-0","W79","0",21908.32,5042.33,13987.11,"0","0","","2",01-DEC-14
"W79-1-201505","201505","W79-1","W79","1",18674.83,10909.55,5332.03,"1","1","","2",01-DEC-14
"W79-10-201505","201505","W79-10","W79","10",15018.59,7670.91,4826.44,"10","10","","2",01-DEC-14
"W79-2-201505","201505","W79-2","W79","2",14653.13,7394.7,4604.59,"2","2","","2",01-DEC-14
"W79-3-201505","201505","W79-3","W79","3",18346.62,10381.6,5107.29,"3","3","","2",01-DEC-14
"W79-4-201505","201505","W79-4","W79","4",18159.37,9768.61,5509.3,"4","4","","2",01-DEC-14
"W79-5-201505","201505","W79-5","W79","5",19859.65,10340.09,6591.49,"5","5","","2",01-DEC-14
"W79-6-201505","201505","W79-6","W79","6",19564.6,9921.25,6759.45,"6","6","","2",01-DEC-14
"W79-7-201505","201505","W79-7","W79","7",16528.73,8552.7,5421.28,"7","7","","2",01-DEC-14
"W79-8-201505","201505","W79-8","W79","8",13578.17,6693.23,4623.93,"8","8","","2",01-DEC-14
"W79-9-201505","201505","W79-9","W79","9",14897.69,7537.64,4904.47,"9","9","","2",01-DEC-14
"W84-00-201505","201505","W84-00","W84","00",5880.7,4241.35,731.28,"-1","00","","3",01-DEC-14
"W84-0-201505","201505","W84-0","W84","0",5854.12,1106.25,4000.73,"0","0","","2",01-DEC-14
"W84-1-201505","201505","W84-1","W84","1",3943.36,1882.3,1485.88,"1","1","","2",01-DEC-14
"W84-10-201505","201505","W84-10","W84","10",5850.4,4416.79,814.96,"10","10","","2",01-DEC-14
"W84-11-201505","201505","W84-11","W84","11",5850.4,4416.82,814.96,"11","11","","2",01-DEC-14
"W84-12-201505","201505","W84-12","W84","12",5850.4,4416.79,814.96,"12","12","","2",01-DEC-14
"W84-13-201505","201505","W84-13","W84","13",5850.4,4416.79,814.96,"13","13","","2",01-DEC-14
"W84-14-201505","201505","W84-14","W84","14",5850.4,4416.79,814.96,"14","14","","2",01-DEC-14
"W84-15-201505","201505","W84-15","W84","15",5850.4,4416.79,814.96,"15","15","","2",01-DEC-14
"W84-16-201505","201505","W84-16","W84","16",5850.4,4416.82,814.96,"16","16","","2",01-DEC-14
"W84-17-201505","201505","W84-17","W84","17",5850.4,4416.82,803.88,"17","17","","2",01-DEC-14
"W84-18-201505","201505","W84-18","W84","18",5850.4,4416.79,803.88,"18","18","","2",01-DEC-14
"W84-19-201505","201505","W84-19","W84","19",5850.4,4416.79,814.96,"19","19","","2",01-DEC-14
"W84-2-201505","201505","W84-2","W84","2",5850.4,4417.13,814.96,"2","2","","2",01-DEC-14
"W84-20-201505","201505","W84-20","W84","20",5850.4,4416.79,814.96,"20","20","","2",01-DEC-14
"W84-21-201505","201505","W84-21","W84","21",5850.4,4416.79,814.96,"21","21","","2",01-DEC-14
"W84-22-201505","201505","W84-22","W84","22",5850.4,4416.79,814.96,"22","22","","2",01-DEC-14
"W84-23-201505","201505","W84-23","W84","23",5850.4,4416.79,814.96,"23","23","","2",01-DEC-14
"W84-24-201505","201505","W84-24","W84","24",5850.27,4337.26,824.77,"24","24","","2",01-DEC-14
"W84-25-201505","201505","W84-25","W84","25",1029.31,0,907.17,"25","25","","2",01-DEC-14
"W84-26-201505","201505","W84-26","W84","26",1048.14,0,929,"26","26","","2",01-DEC-14
"W84-3-201505","201505","W84-3","W84","3",5850.4,4417.13,814.96,"3","3","","2",01-DEC-14
"W84-4-201505","201505","W84-4","W84","4",5850.4,4417.13,814.96,"4","4","","2",01-DEC-14
"W84-5-201505","201505","W84-5","W84","5",5850.4,4416.79,814.96,"5","5","","2",01-DEC-14
"W84-6-201505","201505","W84-6","W84","6",5850.4,4416.79,814.96,"6","6","","2",01-DEC-14
"W84-7-201505","201505","W84-7","W84","7",5850.4,4416.79,814.96,"7","7","","2",01-DEC-14
"W84-8-201505","201505","W84-8","W84","8",5850.4,4416.79,814.96,"8","8","","2",01-DEC-14
"W84-9-201505","201505","W84-9","W84","9",5850.4,4416.79,814.96,"9","9","","2",01-DEC-14
"W85-00-201505","201505","W85-00","W85","00",5674.58,4663.71,672.58,"-1","00","","3",01-DEC-14
"W85-0-201505","201505","W85-0","W85","0",7628.97,1461.28,5495.35,"0","0","","2",01-DEC-14
"W85-1-201505","201505","W85-1","W85","1",3101.42,1280.89,1496.9,"1","1","","2",01-DEC-14
"W85-10-201505","201505","W85-10","W85","10",6492.94,5124.33,1068.82,"10","10","","2",01-DEC-14
"W85-11-201505","201505","W85-11","W85","11",6492.94,5124.33,1068.82,"11","11","","2",01-DEC-14
"W85-12-201505","201505","W85-12","W85","12",6492.94,5124.33,1068.82,"12","12","","2",01-DEC-14
"W85-13-201505","201505","W85-13","W85","13",6492.94,5124.33,1068.82,"13","13","","2",01-DEC-14
"W85-14-201505","201505","W85-14","W85","14",6492.94,5124.33,1068.82,"14","14","","2",01-DEC-14
"W85-15-201505","201505","W85-15","W85","15",6492.94,5124.33,1068.82,"15","15","","2",01-DEC-14
"W85-16-201505","201505","W85-16","W85","16",6492.94,5124.33,1068.82,"16","16","","2",01-DEC-14
"W85-17-201505","201505","W85-17","W85","17",902.46,0,750.07,"17","17","","2",01-DEC-14
"W85-18-201505","201505","W85-18","W85","18",902.46,0,764.46,"18","18","","2",01-DEC-14
"W85-2-201505","201505","W85-2","W85","2",6492.94,5124.33,1068.82,"2","2","","2",01-DEC-14
"W85-3-201505","201505","W85-3","W85","3",6492.94,5124.33,1068.82,"3","3","","2",01-DEC-14
"W85-4-201505","201505","W85-4","W85","4",6492.94,5124.33,1068.82,"4","4","","2",01-DEC-14
"W85-5-201505","201505","W85-5","W85","5",6492.94,5124.33,1068.82,"5","5","","2",01-DEC-14
"W85-6-201505","201505","W85-6","W85","6",6492.94,5124.33,1068.82,"6","6","","2",01-DEC-14
"W85-7-201505","201505","W85-7","W85","7",6492.94,5124.33,1068.82,"7","7","","2",01-DEC-14
"W85-8-201505","201505","W85-8","W85","8",6492.94,5124.33,1068.82,"8","8","","2",01-DEC-14
"W85-9-201505","201505","W85-9","W85","9",6492.94,5124.33,1068.82,"9","9","","2",01-DEC-14
"W85A-1-201505","201505","W85A-1","W85A","1",1562.14,1173.73,213.46,"1","1","","2",01-DEC-14
"W85A-2-201505","201505","W85A-2","W85A","2",1562.14,1276.05,120.11,"2","2","","2",01-DEC-14
"W85A-3-201505","201505","W85A-3","W85A","3",1562.14,1276.05,120.11,"3","3","","2",01-DEC-14
"W85ABC-1-201505","201505","W85ABC-1","W85ABC","1",4661.35,3507.36,640.38,"1","1","","2",01-DEC-14
"W85ABC-2-201505","201505","W85ABC-2","W85ABC","2",4660.84,3813.01,360.98,"2","2","","2",01-DEC-14
"W85ABC-3-201505","201505","W85ABC-3","W85ABC","3",4661.35,3813.01,360.98,"3","3","","2",01-DEC-14
"W85B-1-201505","201505","W85B-1","W85B","1",1545.38,1167.36,213.46,"1","1","","2",01-DEC-14
"W85B-2-201505","201505","W85B-2","W85B","2",1545.03,1269.12,120.11,"2","2","","2",01-DEC-14
"W85B-3-201505","201505","W85B-3","W85B","3",1545.38,1269.12,120.11,"3","3","","2",01-DEC-14
"W85C-1-201505","201505","W85C-1","W85C","1",1553.83,1166.27,213.46,"1","1","","2",01-DEC-14
"W85C-2-201505","201505","W85C-2","W85C","2",1553.67,1267.84,120.76,"2","2","","2",01-DEC-14
"W85C-3-201505","201505","W85C-3","W85C","3",1553.83,1267.84,120.76,"3","3","","2",01-DEC-14
"W85D-1-201505","201505","W85D-1","W85D","1",1555.9,1167.35,215.73,"1","1","","2",01-DEC-14
"W85D-2-201505","201505","W85D-2","W85D","2",1555.9,1272.87,119.41,"2","2","","2",01-DEC-14
"W85D-3-201505","201505","W85D-3","W85D","3",1555.9,1272.87,119.41,"3","3","","2",01-DEC-14
"W85DE-1-201505","201505","W85DE-1","W85DE","1",3106.97,2332.56,429.19,"1","1","","2",01-DEC-14
"W85DE-2-201505","201505","W85DE-2","W85DE","2",3106.97,2542.61,237.56,"2","2","","2",01-DEC-14
"W85DE-3-201505","201505","W85DE-3","W85DE","3",3106.97,2542.61,237.56,"3","3","","2",01-DEC-14
"W85E-1-201505","201505","W85E-1","W85E","1",1551.07,1165.21,213.46,"1","1","","2",01-DEC-14
"W85E-2-201505","201505","W85E-2","W85E","2",1551.07,1269.74,118.15,"2","2","","2",01-DEC-14
"W85E-3-201505","201505","W85E-3","W85E","3",1551.07,1269.74,118.15,"3","3","","2",01-DEC-14
"W85F-1-201505","201505","W85F-1","W85F","1",1555.9,1167.35,215.73,"1","1","","2",01-DEC-14
"W85F-2-201505","201505","W85F-2","W85F","2",1555.9,1272.87,119.41,"2","2","","2",01-DEC-14
