"LIBRARY_COURSE_INSTRUCTOR_KEY","LIBRARY_RESERVE_CATALOG_KEY","LIBRARY_SUBJECT_OFFERED_KEY","LIBRARY_MATERIAL_STATUS_KEY","TERM_CODE","SUBJECT_ID","WAREHOUSE_LOAD_DATE"
"4.602-SMENTEK2010SP:4.602","000057409","4.6022010SP","U","2010SP","4.602",07-MAY-10
"4.602-SMENTEK2010SP:4.602","000057408","4.6022010SP","U","2010SP","4.602",07-MAY-10
"4.602-SMENTEK2010SP:4.602","000057407","4.6022010SP","U","2010SP","4.602",07-MAY-10
"4.602-SMENTEK2010SP:4.602","000057406","4.6022010SP","U","2010SP","4.602",07-MAY-10
"4.602-SMENTEK2010SP:4.602","000057405","4.6022010SP","U","2010SP","4.602",07-MAY-10
"4.611-RABBAT2010SP:4.611","000058000","4.6112010SP","U","2010SP","4.611",07-MAY-10
"4.611-RABBAT2010SP:4.611","000057948","4.6112010SP","U","2010SP","4.611",07-MAY-10
"4.611-RABBAT2010SP:4.611","000057641","4.6112010SP","U","2010SP","4.611",07-MAY-10
"4.611-RABBAT2010SP:4.611","000057395","4.6112010SP","U","2010SP","4.611",07-MAY-10
"4.611-RABBAT2010SP:4.611","000057308","4.6112010SP","U","2010SP","4.611",07-MAY-10
"4.611-RABBAT2010SP:4.611","000057022","4.6112010SP","U","2010SP","4.611",07-MAY-10
"4.611-RABBAT2010SP:4.611","000056634","4.6112010SP","U","2010SP","4.611",07-MAY-10
"4.611-RABBAT2010SP:4.611","000056633","4.6112010SP","U","2010SP","4.611",07-MAY-10
"4.611-RABBAT2010SP:4.611","000056632","4.6112010SP","U","2010SP","4.611",07-MAY-10
"4.611-RABBAT2010SP:4.611","000056631","4.6112010SP","U","2010SP","4.611",07-MAY-10
"4.611-RABBAT2010SP:4.611","000056630","4.6112010SP","U","2010SP","4.611",07-MAY-10
"4.611-RABBAT2010SP:4.611","000056629","4.6112010SP","U","2010SP","4.611",07-MAY-10
"4.611-RABBAT2010SP:4.611","000056627","4.6112010SP","U","2010SP","4.611",07-MAY-10
"4.611-RABBAT2010SP:4.611","000056626","4.6112010SP","U","2010SP","4.611",07-MAY-10
"4.611-RABBAT2010SP:4.611","000056625","4.6112010SP","U","2010SP","4.611",07-MAY-10
"6.602-KAERTNER2010SP:6.602","000057145","6.6022010SP","N","2010SP","6.602",07-MAY-10
"6.602-KAERTNER2010SP:6.602","000057144","6.6022010SP","N","2010SP","6.602",07-MAY-10
"6.602-KAERTNER2010SP:6.602","000057143","6.6022010SP","N","2010SP","6.602",07-MAY-10
"6.602-KAERTNER2010SP:6.602","000057142","6.6022010SP","N","2010SP","6.602",07-MAY-10
"6.621-KAERTNER2010SP:6.621","000057140","6.6212010SP","U","2010SP","6.621",07-MAY-10
"6.634-FUJIMOTO2010SP:6.634","000057125","6.6342010SP","N","2010SP","6.634",07-MAY-10
"6.634-FUJIMOTO2010SP:6.634","000057124","6.6342010SP","N","2010SP","6.634",07-MAY-10
"6.634-FUJIMOTO2010SP:6.634","000057123","6.6342010SP","N","2010SP","6.634",07-MAY-10
"6.634-FUJIMOTO2010SP:6.634","000057122","6.6342010SP","N","2010SP","6.634",07-MAY-10
"6.634-FUJIMOTO2010SP:6.634","000057121","6.6342010SP","N","2010SP","6.634",07-MAY-10
"6.634-FUJIMOTO2010SP:6.634","000057120","6.6342010SP","N","2010SP","6.634",07-MAY-10
"6.634-FUJIMOTO2010SP:6.634","000057119","6.6342010SP","N","2010SP","6.634",07-MAY-10
"6.634-FUJIMOTO2010SP:6.634","000057118","6.6342010SP","N","2010SP","6.634",07-MAY-10
"6.634-FUJIMOTO2010SP:6.634","000057117","6.6342010SP","N","2010SP","6.634",07-MAY-10
"6.634-FUJIMOTO2010SP:6.634","000057116","6.6342010SP","N","2010SP","6.634",07-MAY-10
"6.634-FUJIMOTO2010SP:6.634","000057115","6.6342010SP","N","2010SP","6.634",07-MAY-10
"6.634-FUJIMOTO2010SP:6.634","000057114","6.6342010SP","N","2010SP","6.634",07-MAY-10
"6.634-FUJIMOTO2010SP:6.634","000057113","6.6342010SP","N","2010SP","6.634",07-MAY-10
"6.634-FUJIMOTO2010SP:6.634","000057112","6.6342010SP","N","2010SP","6.634",07-MAY-10
"6.634-FUJIMOTO2010SP:6.634","000057111","6.6342010SP","N","2010SP","6.634",07-MAY-10
"6.634-FUJIMOTO2010SP:6.634","000057110","6.6342010SP","N","2010SP","6.634",07-MAY-10
"6.730-HU2010SP:6.730","000057923","6.7302010SP","Y","2010SP","6.730",07-MAY-10
"6.730-HU2010SP:6.730","000057922","6.7302010SP","Y","2010SP","6.730",07-MAY-10
"6.730-HU2010SP:6.730","000057924","6.7302010SP","N","2010SP","6.730",07-MAY-10
"6.780-HARDT2010SP:6.780","000056746","6.7802010SP","U","2010SP","6.780",07-MAY-10
"6.863J-BERWICK2010SP:6.863","000056082","6.8632010SP","Y","2010SP","6.863",07-MAY-10
"6.883-PEH2010SP:6.883","000057565","6.8832010SP","N","2010SP","6.883",07-MAY-10
"6.883-PEH2010SP:6.883","000057563","6.8832010SP","N","2010SP","6.883",07-MAY-10
"6.883-PEH2010SP:6.883","000057562","6.8832010SP","N","2010SP","6.883",07-MAY-10
"7.23-STEINER2010SP:7.23","000040262","7.232010SP","U","2010SP","7.23",07-MAY-10
"7.36-KEATING2010SP:7.36","000056870","7.362010SP","Y","2010SP","7.36",07-MAY-10
"7.36-KEATING2010SP:7.36","000056873","7.362010SP","N","2010SP","7.36",07-MAY-10
"7.36-KEATING2010SP:7.36","000056822","7.362010SP","N","2010SP","7.36",07-MAY-10
"7.36-KEATING2010SP:7.36","000056821","7.362010SP","N","2010SP","7.36",07-MAY-10
"7.36-KEATING2010SP:7.36","000056820","7.362010SP","N","2010SP","7.36",07-MAY-10
"7.36-KEATING2010SP:7.36","000056819","7.362010SP","N","2010SP","7.36",07-MAY-10
"7.36-KEATING2010SP:7.36","000056541","7.362010SP","N","2010SP","7.36",07-MAY-10
"7.36-KEATING2010SP:7.36","000056540","7.362010SP","N","2010SP","7.36",07-MAY-10
"11.026-FOGELSON2008SP:11.026","000005135","11.0262008SP","U","2008SP","11.026",09-MAY-08
"11.026-FOGELSON2008SP:11.026","000006668","11.0262008SP","U","2008SP","11.026",09-MAY-08
"11.026-FOGELSON2008SP:11.026","000021768","11.0262008SP","U","2008SP","11.026",09-MAY-08
"11.123-DEMONCHAUX2008SP:11.123","000040971","11.1232008SP","U","2008SP","11.123",09-MAY-08
"11.123-DEMONCHAUX2008SP:11.123","000045817","11.1232008SP","U","2008SP","11.123",09-MAY-08
"11.123-DEMONCHAUX2008SP:11.123","000045818","11.1232008SP","U","2008SP","11.123",09-MAY-08
"11.131-GIBB2008SP:11.131","000046967","11.1312008SP","U","2008SP","11.131",09-MAY-08
"11.190-GOETHERT2008SP:11.190","000047125","11.1902008SP","U","2008SP","11.190",09-MAY-08
"11.190-GOETHERT2008SP:11.190","000047126","11.1902008SP","U","2008SP","11.190",09-MAY-08
"11.220-RYZNAR2008SP:11.220","000040368","11.2202008SP","U","2008SP","11.220",09-MAY-08
"11.220-RYZNAR2008SP:11.220","000040614","11.2202008SP","U","2008SP","11.220",09-MAY-08
"11.220-RYZNAR2008SP:11.220","000046791","11.2202008SP","U","2008SP","11.220",09-MAY-08
"11.303J-FRENCHMAN2008SP:11.303","000046951","11.3032008SP","U","2008SP","11.303",09-MAY-08
"11.304-BEN-JOSEPH2008SP:11.304","000034675","11.3042008SP","U","2008SP","11.304",09-MAY-08
"11.304-BEN-JOSEPH2008SP:11.304","000046790","11.3042008SP","U","2008SP","11.304",09-MAY-08
"11.330/4.241-BEINART2008SP:11.330","000046158","11.3302008SP","U","2008SP","11.330",09-MAY-08
"7.36-KEATING2010SP:7.36","000056539","7.362010SP","N","2010SP","7.36",07-MAY-10
"7.36-KEATING2010SP:7.36","000056537","7.362010SP","N","2010SP","7.36",07-MAY-10
"7.63-STEINER2010SP:7.63","000057462","7.632010SP","Y","2010SP","7.63",07-MAY-10
"7.91-KEATING/BURGE2010SP:7.91","000051815","7.912010SP","Y","2010SP","7.91",07-MAY-10
"7.91-KEATING/BURGE2010SP:7.91","000056877","7.912010SP","N","2010SP","7.91",07-MAY-10
"7.91-KEATING/BURGE2010SP:7.91","000056875","7.912010SP","N","2010SP","7.91",07-MAY-10
"7.91-KEATING/BURGE2010SP:7.91","000056874","7.912010SP","N","2010SP","7.91",07-MAY-10
"7.91-KEATING/BURGE2010SP:7.91","000056872","7.912010SP","N","2010SP","7.91",07-MAY-10
"7.91-KEATING/BURGE2010SP:7.91","000051786","7.912010SP","N","2010SP","7.91",07-MAY-10
"SP.7262008SP:SP.726","000047184","SP.7262008SP","U","2008SP","SP.726",09-MAY-08
"SP.7262008SP:SP.726","000047185","SP.7262008SP","U","2008SP","SP.726",09-MAY-08
"SP.785-IVANOVA2008SP:SP.785","000046624","SP.7852008SP","U","2008SP","SP.785",09-MAY-08
"SP.785-IVANOVA2008SP:SP.785","000046666","SP.7852008SP","U","2008SP","SP.785",09-MAY-08
"SP.785-IVANOVA2008SP:SP.785","000046667","SP.7852008SP","U","2008SP","SP.785",09-MAY-08
"SP.785-IVANOVA2008SP:SP.785","000046668","SP.7852008SP","U","2008SP","SP.785",09-MAY-08
"SP.785-IVANOVA2008SP:SP.785","000046669","SP.7852008SP","U","2008SP","SP.785",09-MAY-08
"SP.785-IVANOVA2008SP:SP.785","000046670","SP.7852008SP","U","2008SP","SP.785",09-MAY-08
"SP.785-IVANOVA2008SP:SP.785","000046754","SP.7852008SP","U","2008SP","SP.785",09-MAY-08
"SP.785-IVANOVA2008SP:SP.785","000046884","SP.7852008SP","U","2008SP","SP.785",09-MAY-08
"STS.001-SMITH2008SP:STS.001","000046733","STS.0012008SP","U","2008SP","STS.001",09-MAY-08
"STS.001-SMITH2008SP:STS.001","000046734","STS.0012008SP","U","2008SP","STS.001",09-MAY-08
"STS.001-SMITH2008SP:STS.001","000046735","STS.0012008SP","U","2008SP","STS.001",09-MAY-08
"STS.001-SMITH2008SP:STS.001","000046736","STS.0012008SP","U","2008SP","STS.001",09-MAY-08
"STS.001-SMITH2008SP:STS.001","000046737","STS.0012008SP","U","2008SP","STS.001",09-MAY-08
"STS.001-SMITH2008SP:STS.001","000046738","STS.0012008SP","U","2008SP","STS.001",09-MAY-08
"STS.001-SMITH2008SP:STS.001","000046974","STS.0012008SP","U","2008SP","STS.001",09-MAY-08
"STS.001-SMITH2008SP:STS.001","000046975","STS.0012008SP","U","2008SP","STS.001",09-MAY-08
"STS.001-SMITH2008SP:STS.001","000046976","STS.0012008SP","U","2008SP","STS.001",09-MAY-08
"STS.001-SMITH2008SP:STS.001","000047014","STS.0012008SP","U","2008SP","STS.001",09-MAY-08
"STS.015-LEPINAY2008SP:STS.015","000046745","STS.0152008SP","U","2008SP","STS.015",09-MAY-08
"STS.310-GEROVITCH2008SP:STS.310","000046280","STS.3102008SP","U","2008SP","STS.310",09-MAY-08
"STS.310-GEROVITCH2008SP:STS.310","000046281","STS.3102008SP","U","2008SP","STS.310",09-MAY-08
"STS.310-GEROVITCH2008SP:STS.310","000046282","STS.3102008SP","U","2008SP","STS.310",09-MAY-08
"STS.310-GEROVITCH2008SP:STS.310","000046283","STS.3102008SP","U","2008SP","STS.310",09-MAY-08
"STS.310-GEROVITCH2008SP:STS.310","000046285","STS.3102008SP","U","2008SP","STS.310",09-MAY-08
"STS.310-GEROVITCH2008SP:STS.310","000046286","STS.3102008SP","U","2008SP","STS.310",09-MAY-08
"STS.310-GEROVITCH2008SP:STS.310","000046364","STS.3102008SP","U","2008SP","STS.310",09-MAY-08
"STS.310-GEROVITCH2008SP:STS.310","000046365","STS.3102008SP","U","2008SP","STS.310",09-MAY-08
"STS.310-GEROVITCH2008SP:STS.310","000046366","STS.3102008SP","U","2008SP","STS.310",09-MAY-08
"STS.310-GEROVITCH2008SP:STS.310","000046367","STS.3102008SP","U","2008SP","STS.310",09-MAY-08
"STS.310-GEROVITCH2008SP:STS.310","000046371","STS.3102008SP","U","2008SP","STS.310",09-MAY-08
"STS.310-GEROVITCH2008SP:STS.310","000046431","STS.3102008SP","U","2008SP","STS.310",09-MAY-08
"STS.310-GEROVITCH2008SP:STS.310","000046432","STS.3102008SP","U","2008SP","STS.310",09-MAY-08
"STS.310-GEROVITCH2008SP:STS.310","000046433","STS.3102008SP","U","2008SP","STS.310",09-MAY-08
"STS.310-GEROVITCH2008SP:STS.310","000046434","STS.3102008SP","U","2008SP","STS.310",09-MAY-08
"STS.310-GEROVITCH2008SP:STS.310","000046530","STS.3102008SP","U","2008SP","STS.310",09-MAY-08
"STS.310-GEROVITCH2008SP:STS.310","000046531","STS.3102008SP","U","2008SP","STS.310",09-MAY-08
"STS.310-GEROVITCH2008SP:STS.310","000046532","STS.3102008SP","U","2008SP","STS.310",09-MAY-08
"STS.310-GEROVITCH2008SP:STS.310","000046533","STS.3102008SP","U","2008SP","STS.310",09-MAY-08
"STS.310-GEROVITCH2008SP:STS.310","000046534","STS.3102008SP","U","2008SP","STS.310",09-MAY-08
"STS.310-GEROVITCH2008SP:STS.310","000046535","STS.3102008SP","U","2008SP","STS.310",09-MAY-08
"STS.310-GEROVITCH2008SP:STS.310","000046536","STS.3102008SP","U","2008SP","STS.310",09-MAY-08
"STS.310-GEROVITCH2008SP:STS.310","000046611","STS.3102008SP","U","2008SP","STS.310",09-MAY-08
"STS.310-GEROVITCH2008SP:STS.310","000046717","STS.3102008SP","U","2008SP","STS.310",09-MAY-08
"STS.310-GEROVITCH2008SP:STS.310","000046720","STS.3102008SP","U","2008SP","STS.310",09-MAY-08
"STS.310-GEROVITCH2008SP:STS.310","000046722","STS.3102008SP","U","2008SP","STS.310",09-MAY-08
"STS.310-GEROVITCH2008SP:STS.310","000046801","STS.3102008SP","U","2008SP","STS.310",09-MAY-08
"STS.310-GEROVITCH2008SP:STS.310","000046861","STS.3102008SP","U","2008SP","STS.310",09-MAY-08
"STS.310-GEROVITCH2008SP:STS.310","000046896","STS.3102008SP","U","2008SP","STS.310",09-MAY-08
"STS.310-GEROVITCH2008SP:STS.310","000046938","STS.3102008SP","U","2008SP","STS.310",09-MAY-08
"STS.310-GEROVITCH2008SP:STS.310","000047156","STS.3102008SP","U","2008SP","STS.310",09-MAY-08
"STS.462-SMITH2008SP:STS.462","000046524","STS.4622008SP","U","2008SP","STS.462",09-MAY-08
"STS.462-SMITH2008SP:STS.462","000046525","STS.4622008SP","U","2008SP","STS.462",09-MAY-08
"STS.462-SMITH2008SP:STS.462","000046526","STS.4622008SP","U","2008SP","STS.462",09-MAY-08
"STS.462-SMITH2008SP:STS.462","000046527","STS.4622008SP","U","2008SP","STS.462",09-MAY-08
"STS.462-SMITH2008SP:STS.462","000046528","STS.4622008SP","U","2008SP","STS.462",09-MAY-08
"STS.462-SMITH2008SP:STS.462","000046675","STS.4622008SP","U","2008SP","STS.462",09-MAY-08
"STS.462-SMITH2008SP:STS.462","000046730","STS.4622008SP","U","2008SP","STS.462",09-MAY-08
"STS.462-SMITH2008SP:STS.462","000046859","STS.4622008SP","U","2008SP","STS.462",09-MAY-08
"STS.CASTELLS2008SP:STS.CASTELLS","000046804","STS.CASTELLS2008SP","U","2008SP","STS.CASTELLS",09-MAY-08
"STS.CASTELLS2008SP:STS.CASTELLS","000046805","STS.CASTELLS2008SP","U","2008SP","STS.CASTELLS",09-MAY-08
"STS.CASTELLS2008SP:STS.CASTELLS","000046806","STS.CASTELLS2008SP","U","2008SP","STS.CASTELLS",09-MAY-08
"STS.CASTELLS2008SP:STS.CASTELLS","000046807","STS.CASTELLS2008SP","U","2008SP","STS.CASTELLS",09-MAY-08
"STS.CASTELLS2008SP:STS.CASTELLS","000046808","STS.CASTELLS2008SP","U","2008SP","STS.CASTELLS",09-MAY-08
"STS.CASTELLS2008SP:STS.CASTELLS","000046809","STS.CASTELLS2008SP","U","2008SP","STS.CASTELLS",09-MAY-08
"STS.CASTELLS2008SP:STS.CASTELLS","000046846","STS.CASTELLS2008SP","U","2008SP","STS.CASTELLS",09-MAY-08
"STS.CASTELLS2008SP:STS.CASTELLS","000046855","STS.CASTELLS2008SP","U","2008SP","STS.CASTELLS",09-MAY-08
"STS.CASTELLS2008SP:STS.CASTELLS","000046856","STS.CASTELLS2008SP","U","2008SP","STS.CASTELLS",09-MAY-08
"STS.CASTELLS2008SP:STS.CASTELLS","000046921","STS.CASTELLS2008SP","U","2008SP","STS.CASTELLS",09-MAY-08
"STS.CASTELLS2008SP:STS.CASTELLS","000046939","STS.CASTELLS2008SP","U","2008SP","STS.CASTELLS",09-MAY-08
"STS.CASTELLS2008SP:STS.CASTELLS","000047002","STS.CASTELLS2008SP","U","2008SP","STS.CASTELLS",09-MAY-08
"STS.CASTELLS2008SP:STS.CASTELLS","000047013","STS.CASTELLS2008SP","U","2008SP","STS.CASTELLS",09-MAY-08
"STS.CASTELLS2008SP:STS.CASTELLS","000047101","STS.CASTELLS2008SP","U","2008SP","STS.CASTELLS",09-MAY-08
"STS.CASTELLS2008SP:STS.CASTELLS","000047112","STS.CASTELLS2008SP","U","2008SP","STS.CASTELLS",09-MAY-08
"1.258J-WILSON2008SP:ESD.226","000046421","ESD.2262008SP","U","2008SP","ESD.226",09-MAY-08
"1.258J-WILSON2008SP:11.541","000046421","11.5412008SP","U","2008SP","11.541",09-MAY-08
"1.258J-WILSON2008SP:ESD.226","000047043","ESD.2262008SP","U","2008SP","ESD.226",09-MAY-08
"1.258J-WILSON2008SP:11.541","000047043","11.5412008SP","U","2008SP","11.541",09-MAY-08
"11.004J-THOMPSON2008SP:4.001","000046968","4.0012008SP","U","2008SP","4.001",09-MAY-08
"11.004J-THOMPSON2008SP:4.001","000046969","4.0012008SP","U","2008SP","4.001",09-MAY-08
"11.013J/21.H231J2008SP:21H.231","000001920","21H.2312008SP","U","2008SP","21H.231",09-MAY-08
"11.013J/21.H231J2008SP:21H.231","000001921","21H.2312008SP","U","2008SP","21H.231",09-MAY-08
"11.013J/21.H231J2008SP:21H.231","000001922","21H.2312008SP","U","2008SP","21H.231",09-MAY-08
"11.013J/21.H231J2008SP:21H.231","000001923","21H.2312008SP","U","2008SP","21H.231",09-MAY-08
"11.013J/21.H231J2008SP:21H.231","000001927","21H.2312008SP","U","2008SP","21H.231",09-MAY-08
"11.013J/21.H231J2008SP:21H.231","000001928","21H.2312008SP","U","2008SP","21H.231",09-MAY-08
"11.013J/21.H231J2008SP:21H.231","000001929","21H.2312008SP","U","2008SP","21H.231",09-MAY-08
"11.013J/21.H231J2008SP:21H.231","000001930","21H.2312008SP","U","2008SP","21H.231",09-MAY-08
"11.013J/21.H231J2008SP:21H.231","000001931","21H.2312008SP","U","2008SP","21H.231",09-MAY-08
"11.013J/21.H231J2008SP:21H.231","000001932","21H.2312008SP","U","2008SP","21H.231",09-MAY-08
"11.013J/21.H231J2008SP:21H.231","000002553","21H.2312008SP","U","2008SP","21H.231",09-MAY-08
"21M.220-CUTHBERT2009SP:21M.220","000053059","21M.2202009SP","N","2009SP","21M.220",08-MAY-09
"21M.220-CUTHBERT2009SP:21M.220","000053060","21M.2202009SP","N","2009SP","21M.220",08-MAY-09
"21M.220-CUTHBERT2009SP:21M.220","000053061","21M.2202009SP","N","2009SP","21M.220",08-MAY-09
"21M.220-CUTHBERT2009SP:21M.220","000053062","21M.2202009SP","N","2009SP","21M.220",08-MAY-09
"21M.220-CUTHBERT2009SP:21M.220","000053063","21M.2202009SP","N","2009SP","21M.220",08-MAY-09
"21M.220-CUTHBERT2009SP:21M.220","000053064","21M.2202009SP","N","2009SP","21M.220",08-MAY-09
"21M.220-CUTHBERT2009SP:21M.220","000053065","21M.2202009SP","N","2009SP","21M.220",08-MAY-09
"21M.220-CUTHBERT2009SP:21M.220","000053149","21M.2202009SP","Y","2009SP","21M.220",08-MAY-09
"21M.220-CUTHBERT2009SP:21M.220","000053392","21M.2202009SP","N","2009SP","21M.220",08-MAY-09
"21M.220-CUTHBERT2009SP:21M.220","000053393","21M.2202009SP","N","2009SP","21M.220",08-MAY-09
"21M.220-CUTHBERT2009SP:21M.220","000053394","21M.2202009SP","N","2009SP","21M.220",08-MAY-09
"21M.220-CUTHBERT2009SP:21M.220","000053395","21M.2202009SP","N","2009SP","21M.220",08-MAY-09
"21M.220-CUTHBERT2009SP:21M.220","000053396","21M.2202009SP","N","2009SP","21M.220",08-MAY-09
"21M.220-CUTHBERT2009SP:21M.220","000053397","21M.2202009SP","N","2009SP","21M.220",08-MAY-09
"21M.220-CUTHBERT2009SP:21M.220","000053398","21M.2202009SP","N","2009SP","21M.220",08-MAY-09
"21M.220-CUTHBERT2009SP:21M.220","000053399","21M.2202009SP","N","2009SP","21M.220",08-MAY-09
"21M.220-CUTHBERT2009SP:21M.220","000053400","21M.2202009SP","N","2009SP","21M.220",08-MAY-09
"21M.220-CUTHBERT2009SP:21M.220","000053934","21M.2202009SP","N","2009SP","21M.220",08-MAY-09
"21M.223-RUCKERT2009SP:21M.223","000052407","21M.2232009SP","U","2009SP","21M.223",08-MAY-09
"21M.223-RUCKERT2009SP:21M.223","000052408","21M.2232009SP","U","2009SP","21M.223",08-MAY-09
"21M.223-RUCKERT2009SP:21M.223","000052409","21M.2232009SP","U","2009SP","21M.223",08-MAY-09
"21M.223-RUCKERT2009SP:21M.223","000052410","21M.2232009SP","U","2009SP","21M.223",08-MAY-09
"21M.223-RUCKERT2009SP:21M.223","000052411","21M.2232009SP","U","2009SP","21M.223",08-MAY-09
"21M.223-RUCKERT2009SP:21M.223","000052412","21M.2232009SP","U","2009SP","21M.223",08-MAY-09
"21M.223-RUCKERT2009SP:21M.223","000052921","21M.2232009SP","U","2009SP","21M.223",08-MAY-09
"21M.223-RUCKERT2009SP:21M.223","000053677","21M.2232009SP","N","2009SP","21M.223",08-MAY-09
"21M.223-RUCKERT2009SP:21M.223","000053683","21M.2232009SP","N","2009SP","21M.223",08-MAY-09
"21M.223-RUCKERT2009SP:21M.223","000053781","21M.2232009SP","N","2009SP","21M.223",08-MAY-09
"21M.240-LINDGREN2009SP:21M.240","000052547","21M.2402009SP","U","2009SP","21M.240",08-MAY-09
"21M.240-LINDGREN2009SP:21M.240","000052548","21M.2402009SP","U","2009SP","21M.240",08-MAY-09
"21M.240-LINDGREN2009SP:21M.240","000052549","21M.2402009SP","U","2009SP","21M.240",08-MAY-09
"21M.240-LINDGREN2009SP:21M.240","000052550","21M.2402009SP","U","2009SP","21M.240",08-MAY-09
"21M.240-LINDGREN2009SP:21M.240","000052551","21M.2402009SP","U","2009SP","21M.240",08-MAY-09
"21M.240-LINDGREN2009SP:21M.240","000052552","21M.2402009SP","U","2009SP","21M.240",08-MAY-09
"21M.240-LINDGREN2009SP:21M.240","000052553","21M.2402009SP","U","2009SP","21M.240",08-MAY-09
"21M.240-LINDGREN2009SP:21M.240","000052554","21M.2402009SP","U","2009SP","21M.240",08-MAY-09
"21M.240-LINDGREN2009SP:21M.240","000052555","21M.2402009SP","U","2009SP","21M.240",08-MAY-09
"21M.240-LINDGREN2009SP:21M.240","000052556","21M.2402009SP","U","2009SP","21M.240",08-MAY-09
"21M.240-LINDGREN2009SP:21M.240","000052557","21M.2402009SP","U","2009SP","21M.240",08-MAY-09
"21M.240-LINDGREN2009SP:21M.240","000052558","21M.2402009SP","U","2009SP","21M.240",08-MAY-09
"21M.240-LINDGREN2009SP:21M.240","000052559","21M.2402009SP","U","2009SP","21M.240",08-MAY-09
"21M.240-LINDGREN2009SP:21M.240","000052560","21M.2402009SP","U","2009SP","21M.240",08-MAY-09
"21M.240-LINDGREN2009SP:21M.240","000052561","21M.2402009SP","U","2009SP","21M.240",08-MAY-09
"21M.240-LINDGREN2009SP:21M.240","000052562","21M.2402009SP","U","2009SP","21M.240",08-MAY-09
"21M.240-LINDGREN2009SP:21M.240","000052563","21M.2402009SP","U","2009SP","21M.240",08-MAY-09
"21M.240-LINDGREN2009SP:21M.240","000052564","21M.2402009SP","U","2009SP","21M.240",08-MAY-09
"21M.240-LINDGREN2009SP:21M.240","000052565","21M.2402009SP","U","2009SP","21M.240",08-MAY-09
"21M.240-LINDGREN2009SP:21M.240","000052566","21M.2402009SP","U","2009SP","21M.240",08-MAY-09
"21M.240-LINDGREN2009SP:21M.240","000052567","21M.2402009SP","U","2009SP","21M.240",08-MAY-09
"21M.240-LINDGREN2009SP:21M.240","000052568","21M.2402009SP","U","2009SP","21M.240",08-MAY-09
"21M.240-LINDGREN2009SP:21M.240","000052569","21M.2402009SP","U","2009SP","21M.240",08-MAY-09
"21M.240-LINDGREN2009SP:21M.240","000052570","21M.2402009SP","U","2009SP","21M.240",08-MAY-09
"21M.240-LINDGREN2009SP:21M.240","000052571","21M.2402009SP","U","2009SP","21M.240",08-MAY-09
"21M.240-LINDGREN2009SP:21M.240","000052572","21M.2402009SP","U","2009SP","21M.240",08-MAY-09
"21M.240-LINDGREN2009SP:21M.240","000052573","21M.2402009SP","U","2009SP","21M.240",08-MAY-09
"21M.240-LINDGREN2009SP:21M.240","000052574","21M.2402009SP","U","2009SP","21M.240",08-MAY-09
"21M.240-LINDGREN2009SP:21M.240","000052575","21M.2402009SP","U","2009SP","21M.240",08-MAY-09
"21M.240-LINDGREN2009SP:21M.240","000052576","21M.2402009SP","U","2009SP","21M.240",08-MAY-09
"21M.240-LINDGREN2009SP:21M.240","000052577","21M.2402009SP","U","2009SP","21M.240",08-MAY-09
"21M.240-LINDGREN2009SP:21M.240","000052578","21M.2402009SP","U","2009SP","21M.240",08-MAY-09
"21M.240-LINDGREN2009SP:21M.240","000052579","21M.2402009SP","U","2009SP","21M.240",08-MAY-09
"21M.240-LINDGREN2009SP:21M.240","000052580","21M.2402009SP","U","2009SP","21M.240",08-MAY-09
"21M.240-LINDGREN2009SP:21M.240","000052581","21M.2402009SP","U","2009SP","21M.240",08-MAY-09
"21M.240-LINDGREN2009SP:21M.240","000052582","21M.2402009SP","U","2009SP","21M.240",08-MAY-09
"21M.240-LINDGREN2009SP:21M.240","000052583","21M.2402009SP","U","2009SP","21M.240",08-MAY-09
"21M.240-LINDGREN2009SP:21M.240","000052584","21M.2402009SP","U","2009SP","21M.240",08-MAY-09
"21M.240-LINDGREN2009SP:21M.240","000052585","21M.2402009SP","U","2009SP","21M.240",08-MAY-09
"21M.240-LINDGREN2009SP:21M.240","000052586","21M.2402009SP","U","2009SP","21M.240",08-MAY-09
"21M.240-LINDGREN2009SP:21M.240","000052587","21M.2402009SP","U","2009SP","21M.240",08-MAY-09
"21M.240-LINDGREN2009SP:21M.240","000052588","21M.2402009SP","U","2009SP","21M.240",08-MAY-09
"21M.240-LINDGREN2009SP:21M.240","000052589","21M.2402009SP","U","2009SP","21M.240",08-MAY-09
"21M.240-LINDGREN2009SP:21M.240","000052590","21M.2402009SP","U","2009SP","21M.240",08-MAY-09
"21M.240-LINDGREN2009SP:21M.240","000052591","21M.2402009SP","U","2009SP","21M.240",08-MAY-09
"21M.240-LINDGREN2009SP:21M.240","000052592","21M.2402009SP","U","2009SP","21M.240",08-MAY-09
"21M.240-LINDGREN2009SP:21M.240","000052593","21M.2402009SP","U","2009SP","21M.240",08-MAY-09
"21M.240-LINDGREN2009SP:21M.240","000052594","21M.2402009SP","U","2009SP","21M.240",08-MAY-09
"21M.240-LINDGREN2009SP:21M.240","000052595","21M.2402009SP","U","2009SP","21M.240",08-MAY-09
"21M.240-LINDGREN2009SP:21M.240","000052596","21M.2402009SP","U","2009SP","21M.240",08-MAY-09
"21M.240-LINDGREN2009SP:21M.240","000052597","21M.2402009SP","U","2009SP","21M.240",08-MAY-09
"21M.240-LINDGREN2009SP:21M.240","000052598","21M.2402009SP","U","2009SP","21M.240",08-MAY-09
"21M.240-LINDGREN2009SP:21M.240","000052599","21M.2402009SP","U","2009SP","21M.240",08-MAY-09
"21M.240-LINDGREN2009SP:21M.240","000052600","21M.2402009SP","U","2009SP","21M.240",08-MAY-09
"21M.240-LINDGREN2009SP:21M.240","000052601","21M.2402009SP","U","2009SP","21M.240",08-MAY-09
"21M.240-LINDGREN2009SP:21M.240","000052602","21M.2402009SP","U","2009SP","21M.240",08-MAY-09
"21M.240-LINDGREN2009SP:21M.240","000052603","21M.2402009SP","U","2009SP","21M.240",08-MAY-09
"21M.240-LINDGREN2009SP:21M.240","000052604","21M.2402009SP","U","2009SP","21M.240",08-MAY-09
"21M.240-LINDGREN2009SP:21M.240","000052605","21M.2402009SP","U","2009SP","21M.240",08-MAY-09
"21M.240-LINDGREN2009SP:21M.240","000052606","21M.2402009SP","U","2009SP","21M.240",08-MAY-09
"21M.240-LINDGREN2009SP:21M.240","000052607","21M.2402009SP","U","2009SP","21M.240",08-MAY-09
"21M.240-LINDGREN2009SP:21M.240","000052608","21M.2402009SP","U","2009SP","21M.240",08-MAY-09
"21M.240-LINDGREN2009SP:21M.240","000052609","21M.2402009SP","U","2009SP","21M.240",08-MAY-09
"21M.240-LINDGREN2009SP:21M.240","000052610","21M.2402009SP","U","2009SP","21M.240",08-MAY-09
"21M.240-LINDGREN2009SP:21M.240","000052611","21M.2402009SP","U","2009SP","21M.240",08-MAY-09
"21M.240-LINDGREN2009SP:21M.240","000052612","21M.2402009SP","U","2009SP","21M.240",08-MAY-09
"21M.240-LINDGREN2009SP:21M.240","000052613","21M.2402009SP","U","2009SP","21M.240",08-MAY-09
"21M.240-LINDGREN2009SP:21M.240","000052614","21M.2402009SP","U","2009SP","21M.240",08-MAY-09
"21M.240-LINDGREN2009SP:21M.240","000052615","21M.2402009SP","U","2009SP","21M.240",08-MAY-09
"21M.240-LINDGREN2009SP:21M.240","000052616","21M.2402009SP","U","2009SP","21M.240",08-MAY-09
"21M.240-LINDGREN2009SP:21M.240","000052617","21M.2402009SP","U","2009SP","21M.240",08-MAY-09
"21M.240-LINDGREN2009SP:21M.240","000052618","21M.2402009SP","U","2009SP","21M.240",08-MAY-09
"21M.240-LINDGREN2009SP:21M.240","000052619","21M.2402009SP","U","2009SP","21M.240",08-MAY-09
"21M.240-LINDGREN2009SP:21M.240","000052620","21M.2402009SP","U","2009SP","21M.240",08-MAY-09
"21M.240-LINDGREN2009SP:21M.240","000052621","21M.2402009SP","U","2009SP","21M.240",08-MAY-09
"21M.240-LINDGREN2009SP:21M.240","000052622","21M.2402009SP","U","2009SP","21M.240",08-MAY-09
"21M.240-LINDGREN2009SP:21M.240","000052623","21M.2402009SP","U","2009SP","21M.240",08-MAY-09
"21M.240-LINDGREN2009SP:21M.240","000052624","21M.2402009SP","U","2009SP","21M.240",08-MAY-09
"21M.240-LINDGREN2009SP:21M.240","000052625","21M.2402009SP","U","2009SP","21M.240",08-MAY-09
"21M.240-LINDGREN2009SP:21M.240","000052626","21M.2402009SP","U","2009SP","21M.240",08-MAY-09
"21M.240-LINDGREN2009SP:21M.240","000052627","21M.2402009SP","U","2009SP","21M.240",08-MAY-09
"21M.240-LINDGREN2009SP:21M.240","000052628","21M.2402009SP","U","2009SP","21M.240",08-MAY-09
"21M.240-LINDGREN2009SP:21M.240","000052629","21M.2402009SP","U","2009SP","21M.240",08-MAY-09
"21M.240-LINDGREN2009SP:21M.240","000052630","21M.2402009SP","U","2009SP","21M.240",08-MAY-09
"21M.240-LINDGREN2009SP:21M.240","000052631","21M.2402009SP","U","2009SP","21M.240",08-MAY-09
"21M.240-LINDGREN2009SP:21M.240","000052632","21M.2402009SP","U","2009SP","21M.240",08-MAY-09
"21M.240-LINDGREN2009SP:21M.240","000052633","21M.2402009SP","U","2009SP","21M.240",08-MAY-09
"21M.240-LINDGREN2009SP:21M.240","000052634","21M.2402009SP","U","2009SP","21M.240",08-MAY-09
"21M.240-LINDGREN2009SP:21M.240","000052635","21M.2402009SP","U","2009SP","21M.240",08-MAY-09
"21M.240-LINDGREN2009SP:21M.240","000052641","21M.2402009SP","U","2009SP","21M.240",08-MAY-09
"21M.240-LINDGREN2009SP:21M.240","000052642","21M.2402009SP","U","2009SP","21M.240",08-MAY-09
"21M.240-LINDGREN2009SP:21M.240","000052643","21M.2402009SP","U","2009SP","21M.240",08-MAY-09
"21M.240-LINDGREN2009SP:21M.240","000052644","21M.2402009SP","U","2009SP","21M.240",08-MAY-09
"21M.240-LINDGREN2009SP:21M.240","000052645","21M.2402009SP","U","2009SP","21M.240",08-MAY-09
"21M.240-LINDGREN2009SP:21M.240","000052646","21M.2402009SP","U","2009SP","21M.240",08-MAY-09
"21M.240-LINDGREN2009SP:21M.240","000052647","21M.2402009SP","U","2009SP","21M.240",08-MAY-09
"21M.240-LINDGREN2009SP:21M.240","000052648","21M.2402009SP","U","2009SP","21M.240",08-MAY-09
"21M.240-LINDGREN2009SP:21M.240","000052649","21M.2402009SP","U","2009SP","21M.240",08-MAY-09
"21M.240-LINDGREN2009SP:21M.240","000052651","21M.2402009SP","U","2009SP","21M.240",08-MAY-09
"21M.240-LINDGREN2009SP:21M.240","000052652","21M.2402009SP","U","2009SP","21M.240",08-MAY-09
"21M.240-LINDGREN2009SP:21M.240","000052653","21M.2402009SP","U","2009SP","21M.240",08-MAY-09
"21M.240-LINDGREN2009SP:21M.240","000052654","21M.2402009SP","U","2009SP","21M.240",08-MAY-09
"21M.240-LINDGREN2009SP:21M.240","000052655","21M.2402009SP","U","2009SP","21M.240",08-MAY-09
"21M.240-LINDGREN2009SP:21M.240","000052656","21M.2402009SP","U","2009SP","21M.240",08-MAY-09
"21M.240-LINDGREN2009SP:21M.240","000052657","21M.2402009SP","U","2009SP","21M.240",08-MAY-09
"21M.240-LINDGREN2009SP:21M.240","000052658","21M.2402009SP","U","2009SP","21M.240",08-MAY-09
"21M.240-LINDGREN2009SP:21M.240","000052659","21M.2402009SP","U","2009SP","21M.240",08-MAY-09
"21M.240-LINDGREN2009SP:21M.240","000052660","21M.2402009SP","U","2009SP","21M.240",08-MAY-09
"21M.240-LINDGREN2009SP:21M.240","000052661","21M.2402009SP","U","2009SP","21M.240",08-MAY-09
"21M.240-LINDGREN2009SP:21M.240","000052662","21M.2402009SP","U","2009SP","21M.240",08-MAY-09
"21M.240-LINDGREN2009SP:21M.240","000052663","21M.2402009SP","U","2009SP","21M.240",08-MAY-09
"21M.240-LINDGREN2009SP:21M.240","000052664","21M.2402009SP","U","2009SP","21M.240",08-MAY-09
"21M.240-LINDGREN2009SP:21M.240","000052665","21M.2402009SP","U","2009SP","21M.240",08-MAY-09
"21M.240-LINDGREN2009SP:21M.240","000052666","21M.2402009SP","U","2009SP","21M.240",08-MAY-09
"21M.240-LINDGREN2009SP:21M.240","000052667","21M.2402009SP","U","2009SP","21M.240",08-MAY-09
"21M.240-LINDGREN2009SP:21M.240","000052668","21M.2402009SP","U","2009SP","21M.240",08-MAY-09
"21M.240-LINDGREN2009SP:21M.240","000052669","21M.2402009SP","U","2009SP","21M.240",08-MAY-09
"21M.240-LINDGREN2009SP:21M.240","000052670","21M.2402009SP","U","2009SP","21M.240",08-MAY-09
"21M.240-LINDGREN2009SP:21M.240","000052724","21M.2402009SP","Y","2009SP","21M.240",08-MAY-09
"21M.240-LINDGREN2009SP:21M.240","000052725","21M.2402009SP","Y","2009SP","21M.240",08-MAY-09
"21M.240-LINDGREN2009SP:21M.240","000052726","21M.2402009SP","Y","2009SP","21M.240",08-MAY-09
"21M.240-LINDGREN2009SP:21M.240","000053150","21M.2402009SP","N","2009SP","21M.240",08-MAY-09
"21M.240-LINDGREN2009SP:21M.240","000053453","21M.2402009SP","N","2009SP","21M.240",08-MAY-09
"21M.240-LINDGREN2009SP:21M.240","000053590","21M.2402009SP","N","2009SP","21M.240",08-MAY-09
"21M.240-LINDGREN2009SP:21M.240","000053791","21M.2402009SP","N","2009SP","21M.240",08-MAY-09
"21M.240-LINDGREN2009SP:21M.240","000053792","21M.2402009SP","N","2009SP","21M.240",08-MAY-09
"21M.240-LINDGREN2009SP:21M.240","000053940","21M.2402009SP","N","2009SP","21M.240",08-MAY-09
"21M.240-LINDGREN2009SP:21M.240","000053941","21M.2402009SP","U","2009SP","21M.240",08-MAY-09
"21M.240-LINDGREN2009SP:21M.240","000053942","21M.2402009SP","N","2009SP","21M.240",08-MAY-09
"21M.240-LINDGREN2009SP:21M.240","000053943","21M.2402009SP","N","2009SP","21M.240",08-MAY-09
"1.001-JAILLET2008SP:1.001","000045744","1.0012008SP","U","2008SP","1.001",09-MAY-08
"1.011-JAILLET2008SP:1.011","000046104","1.0112008SP","U","2008SP","1.011",09-MAY-08
"1.011-JAILLET2008SP:1.011","000046105","1.0112008SP","U","2008SP","1.011",09-MAY-08
"1.013-EINSTEIN2008SP:1.013","000004616","1.0132008SP","U","2008SP","1.013",09-MAY-08
"1.013-EINSTEIN2008SP:1.013","000046880","1.0132008SP","U","2008SP","1.013",09-MAY-08
"1.013-EINSTEIN2008SP:1.013","000046952","1.0132008SP","U","2008SP","1.013",09-MAY-08
"1.013-EINSTEIN2008SP:1.013","000046996","1.0132008SP","U","2008SP","1.013",09-MAY-08
"1.036-BUYKOZTURK2008SP:1.036","000046118","1.0362008SP","U","2008SP","1.036",09-MAY-08
"1.036-BUYKOZTURK2008SP:1.036","000046119","1.0362008SP","U","2008SP","1.036",09-MAY-08
"1.036-BUYKOZTURK2008SP:1.036","000046120","1.0362008SP","U","2008SP","1.036",09-MAY-08
"1.036-BUYKOZTURK2008SP:1.036","000046121","1.0362008SP","U","2008SP","1.036",09-MAY-08
"1.036-BUYKOZTURK2008SP:1.036","000046122","1.0362008SP","U","2008SP","1.036",09-MAY-08
"1.036-BUYKOZTURK2008SP:1.036","000046399","1.0362008SP","U","2008SP","1.036",09-MAY-08
"1.036-BUYKOZTURK2008SP:1.036","000046743","1.0362008SP","U","2008SP","1.036",09-MAY-08
"1.036-BUYKOZTURK2008SP:1.036","000046997","1.0362008SP","U","2008SP","1.036",09-MAY-08
"1.036-BUYKOZTURK2008SP:1.036","000047119","1.0362008SP","U","2008SP","1.036",09-MAY-08
"1.080-GSCHWEND2008SP:1.080","000046749","1.0802008SP","U","2008SP","1.080",09-MAY-08
"1.107-GSCHWEND2008SP:1.107","000046750","1.1072008SP","U","2008SP","1.107",09-MAY-08
"1.202-BEN-AKIVA2008SP:1.202","000046106","1.2022008SP","U","2008SP","1.202",09-MAY-08
"1.202-BEN-AKIVA2008SP:1.202","000046107","1.2022008SP","U","2008SP","1.202",09-MAY-08
"1.202-BEN-AKIVA2008SP:1.202","000046108","1.2022008SP","U","2008SP","1.202",09-MAY-08
"1.202-BEN-AKIVA2008SP:1.202","000046109","1.2022008SP","U","2008SP","1.202",09-MAY-08
"1.202-BEN-AKIVA2008SP:1.202","000046708","1.2022008SP","U","2008SP","1.202",09-MAY-08
"1.202-BEN-AKIVA2008SP:1.202","000046853","1.2022008SP","U","2008SP","1.202",09-MAY-08
"1.202-BEN-AKIVA2008SP:1.202","000046854","1.2022008SP","U","2008SP","1.202",09-MAY-08
"1.204-KOCUR2008SP:1.204","000046125","1.2042008SP","U","2008SP","1.204",09-MAY-08
"1.204-KOCUR2008SP:1.204","000046126","1.2042008SP","U","2008SP","1.204",09-MAY-08
"1.204-KOCUR2008SP:1.204","000046127","1.2042008SP","U","2008SP","1.204",09-MAY-08
"1.204-KOCUR2008SP:1.204","000046128","1.2042008SP","U","2008SP","1.204",09-MAY-08
"1.204-KOCUR2008SP:1.204","000046129","1.2042008SP","U","2008SP","1.204",09-MAY-08
"1.204-KOCUR2008SP:1.204","000046161","1.2042008SP","U","2008SP","1.204",09-MAY-08
"1.204-KOCUR2008SP:1.204","000046398","1.2042008SP","U","2008SP","1.204",09-MAY-08
"1.204-KOCUR2008SP:1.204","000046707","1.2042008SP","U","2008SP","1.204",09-MAY-08
"1.258J-WILSON2008SP:1.258","000046421","1.2582008SP","U","2008SP","1.258",09-MAY-08
"1.258J-WILSON2008SP:1.258","000047043","1.2582008SP","U","2008SP","1.258",09-MAY-08
"1.34-SHANAHAN2008SP:1.34","000045758","1.342008SP","U","2008SP","1.34",09-MAY-08
"1.34-SHANAHAN2008SP:1.34","000045759","1.342008SP","U","2008SP","1.34",09-MAY-08
"1.34-SHANAHAN2008SP:1.34","000045760","1.342008SP","U","2008SP","1.34",09-MAY-08
"1.34-SHANAHAN2008SP:1.34","000045761","1.342008SP","U","2008SP","1.34",09-MAY-08
"1.34-SHANAHAN2008SP:1.34","000045762","1.342008SP","U","2008SP","1.34",09-MAY-08
"1.34-SHANAHAN2008SP:1.34","000046123","1.342008SP","U","2008SP","1.34",09-MAY-08
"1.34-SHANAHAN2008SP:1.34","000046124","1.342008SP","U","2008SP","1.34",09-MAY-08
"1.582-KASSABIAN2008SP:1.582","000046709","1.5822008SP","U","2008SP","1.582",09-MAY-08
"1.582-KASSABIAN2008SP:1.582","000046915","1.5822008SP","U","2008SP","1.582",09-MAY-08
"1.89-POLZ2008SP:1.89","000017746","1.892008SP","U","2008SP","1.89",09-MAY-08
"1.89-POLZ2008SP:1.89","000044207","1.892008SP","U","2008SP","1.89",09-MAY-08
"1.964-MURGA2008SP:1.964","000046298","1.9642008SP","U","2008SP","1.964",09-MAY-08
"1.964-MURGA2008SP:1.964","000046299","1.9642008SP","U","2008SP","1.964",09-MAY-08
"1.964-MURGA2008SP:1.964","000047095","1.9642008SP","U","2008SP","1.964",09-MAY-08
"1.964-MURGA2008SP:1.964","000047173","1.9642008SP","U","2008SP","1.964",09-MAY-08
"10.000-HATTON2008SP:10.000","000047041","10.0002008SP","U","2008SP","10.000",09-MAY-08
"10.32-DALZELL2008SP:10.32","000046781","10.322008SP","U","2008SP","10.32",09-MAY-08
"10.65-CHAKRABORTY2008SP:10.65","000046777","10.652008SP","U","2008SP","10.65",09-MAY-08
"10.65-CHAKRABORTY2008SP:10.65","000046778","10.652008SP","U","2008SP","10.65",09-MAY-08
"10.65-CHAKRABORTY2008SP:10.65","000046779","10.652008SP","U","2008SP","10.65",09-MAY-08
"11.000-WINNE2008SP:11.000","000047133","11.0002008SP","U","2008SP","11.000",09-MAY-08
"11.004J-THOMPSON2008SP:11.004","000046968","11.0042008SP","U","2008SP","11.004",09-MAY-08
"11.004J-THOMPSON2008SP:11.004","000046969","11.0042008SP","U","2008SP","11.004",09-MAY-08
"11.013J/21.H231J2008SP:11.013","000001920","11.0132008SP","U","2008SP","11.013",09-MAY-08
"11.013J/21.H231J2008SP:11.013","000001921","11.0132008SP","U","2008SP","11.013",09-MAY-08
"11.013J/21.H231J2008SP:11.013","000001922","11.0132008SP","U","2008SP","11.013",09-MAY-08
"11.013J/21.H231J2008SP:11.013","000001923","11.0132008SP","U","2008SP","11.013",09-MAY-08
"11.013J/21.H231J2008SP:11.013","000001927","11.0132008SP","U","2008SP","11.013",09-MAY-08
"11.013J/21.H231J2008SP:11.013","000001928","11.0132008SP","U","2008SP","11.013",09-MAY-08
"11.013J/21.H231J2008SP:11.013","000001929","11.0132008SP","U","2008SP","11.013",09-MAY-08
"11.013J/21.H231J2008SP:11.013","000001930","11.0132008SP","U","2008SP","11.013",09-MAY-08
"11.013J/21.H231J2008SP:11.013","000001931","11.0132008SP","U","2008SP","11.013",09-MAY-08
"11.013J/21.H231J2008SP:11.013","000001932","11.0132008SP","U","2008SP","11.013",09-MAY-08
"11.013J/21.H231J2008SP:11.013","000002553","11.0132008SP","U","2008SP","11.013",09-MAY-08
"11.013J/21.H231J2008SP:11.013","000004161","11.0132008SP","U","2008SP","11.013",09-MAY-08
"11.013J/21.H231J2008SP:11.013","000021043","11.0132008SP","U","2008SP","11.013",09-MAY-08
"11.013J/21.H231J2008SP:11.013","000021044","11.0132008SP","U","2008SP","11.013",09-MAY-08
"11.013J/21.H231J2008SP:11.013","000021045","11.0132008SP","U","2008SP","11.013",09-MAY-08
"11.013J/21.H231J2008SP:11.013","000021050","11.0132008SP","U","2008SP","11.013",09-MAY-08
"11.013J/21.H231J2008SP:11.013","000021438","11.0132008SP","U","2008SP","11.013",09-MAY-08
"11.013J/21.H231J2008SP:11.013","000022041","11.0132008SP","U","2008SP","11.013",09-MAY-08
"11.013J/21.H231J2008SP:11.013","000026267","11.0132008SP","U","2008SP","11.013",09-MAY-08
"11.013J/21.H231J2008SP:11.013","000026268","11.0132008SP","U","2008SP","11.013",09-MAY-08
"11.013J/21.H231J2008SP:11.013","000026269","11.0132008SP","U","2008SP","11.013",09-MAY-08
"11.013J/21.H231J2008SP:11.013","000035081","11.0132008SP","U","2008SP","11.013",09-MAY-08
"11.013J/21.H231J2008SP:11.013","000035082","11.0132008SP","U","2008SP","11.013",09-MAY-08
"11.013J/21.H231J2008SP:11.013","000035138","11.0132008SP","U","2008SP","11.013",09-MAY-08
"11.013J/21.H231J2008SP:11.013","000035464","11.0132008SP","U","2008SP","11.013",09-MAY-08
"11.013J/21.H231J2008SP:11.013","000035752","11.0132008SP","U","2008SP","11.013",09-MAY-08
"11.013J/21.H231J2008SP:11.013","000045254","11.0132008SP","U","2008SP","11.013",09-MAY-08
"11.013J/21.H231J2008SP:11.013","000045259","11.0132008SP","U","2008SP","11.013",09-MAY-08
"11.013J/21.H231J2008SP:11.013","000045260","11.0132008SP","U","2008SP","11.013",09-MAY-08
"11.013J/21.H231J2008SP:11.013","000045261","11.0132008SP","U","2008SP","11.013",09-MAY-08
"11.013J/21.H231J2008SP:11.013","000045262","11.0132008SP","U","2008SP","11.013",09-MAY-08
"11.013J/21.H231J2008SP:11.013","000046070","11.0132008SP","U","2008SP","11.013",09-MAY-08
"4.602-SMENTEK2010SP:4.602","000057401","4.6022010SP","Y","2010SP","4.602",07-MAY-10
"4.602-SMENTEK2010SP:4.602","000057391","4.6022010SP","Y","2010SP","4.602",07-MAY-10
"4.602-SMENTEK2010SP:4.602","000058017","4.6022010SP","U","2010SP","4.602",07-MAY-10
"4.602-SMENTEK2010SP:4.602","000057555","4.6022010SP","U","2010SP","4.602",07-MAY-10
"4.602-SMENTEK2010SP:4.602","000057472","4.6022010SP","U","2010SP","4.602",07-MAY-10
"4.602-SMENTEK2010SP:4.602","000057410","4.6022010SP","U","2010SP","4.602",07-MAY-10
"4.286/11.944-WESCOAT2009FA:4.286","000049832","4.2862009FA","U","2009FA","4.286",05-DEC-08
"4.286/11.944-WESCOAT2009FA:4.286","000049833","4.2862009FA","U","2009FA","4.286",05-DEC-08
"4.286/11.944-WESCOAT2009FA:4.286","000049834","4.2862009FA","U","2009FA","4.286",05-DEC-08
"4.286/11.944-WESCOAT2009FA:4.286","000049835","4.2862009FA","U","2009FA","4.286",05-DEC-08
"4.286/11.944-WESCOAT2009FA:4.286","000049836","4.2862009FA","U","2009FA","4.286",05-DEC-08
"4.286/11.944-WESCOAT2009FA:4.286","000049837","4.2862009FA","U","2009FA","4.286",05-DEC-08
"4.286/11.944-WESCOAT2009FA:4.286","000049838","4.2862009FA","U","2009FA","4.286",05-DEC-08
"4.286/11.944-WESCOAT2009FA:4.286","000049894","4.2862009FA","U","2009FA","4.286",05-DEC-08
"4.286/11.944-WESCOAT2009FA:4.286","000050020","4.2862009FA","U","2009FA","4.286",05-DEC-08
"4.286/11.944-WESCOAT2009FA:4.286","000050087","4.2862009FA","U","2009FA","4.286",05-DEC-08
"4.286/11.944-WESCOAT2009FA:4.286","000050090","4.2862009FA","U","2009FA","4.286",05-DEC-08
"4.286/11.944-WESCOAT2009FA:4.286","000050091","4.2862009FA","U","2009FA","4.286",05-DEC-08
"4.286/11.944-WESCOAT2009FA:4.286","000050122","4.2862009FA","U","2009FA","4.286",05-DEC-08
"4.297-MILJACKI2009FA:4.297","000048924","4.2972009FA","U","2009FA","4.297",05-DEC-08
"4.297-MILJACKI2009FA:4.297","000048925","4.2972009FA","U","2009FA","4.297",05-DEC-08
"4.297-MILJACKI2009FA:4.297","000048926","4.2972009FA","U","2009FA","4.297",05-DEC-08
"4.297-MILJACKI2009FA:4.297","000048927","4.2972009FA","U","2009FA","4.297",05-DEC-08
"4.297-MILJACKI2009FA:4.297","000048928","4.2972009FA","U","2009FA","4.297",05-DEC-08
"4.297-MILJACKI2009FA:4.297","000048929","4.2972009FA","U","2009FA","4.297",05-DEC-08
"4.297-MILJACKI2009FA:4.297","000048930","4.2972009FA","U","2009FA","4.297",05-DEC-08
"4.297-MILJACKI2009FA:4.297","000048931","4.2972009FA","U","2009FA","4.297",05-DEC-08
"4.297-MILJACKI2009FA:4.297","000048933","4.2972009FA","U","2009FA","4.297",05-DEC-08
"4.297-MILJACKI2009FA:4.297","000048934","4.2972009FA","U","2009FA","4.297",05-DEC-08
"4.297-MILJACKI2009FA:4.297","000048935","4.2972009FA","U","2009FA","4.297",05-DEC-08
"4.297-MILJACKI2009FA:4.297","000048936","4.2972009FA","U","2009FA","4.297",05-DEC-08
"4.297-MILJACKI2009FA:4.297","000048937","4.2972009FA","U","2009FA","4.297",05-DEC-08
"4.297-MILJACKI2009FA:4.297","000049040","4.2972009FA","U","2009FA","4.297",05-DEC-08
"4.297-MILJACKI2009FA:4.297","000049051","4.2972009FA","U","2009FA","4.297",05-DEC-08
"4.297-MILJACKI2009FA:4.297","000049794","4.2972009FA","U","2009FA","4.297",05-DEC-08
"4.297-MILJACKI2009FA:4.297","000049993","4.2972009FA","U","2009FA","4.297",05-DEC-08
"4.301-DODERER2009FA:4.301","000049110","4.3012009FA","U","2009FA","4.301",05-DEC-08
"4.301-DODERER2009FA:4.301","000049111","4.3012009FA","U","2009FA","4.301",05-DEC-08
"4.301-DODERER2009FA:4.301","000049112","4.3012009FA","U","2009FA","4.301",05-DEC-08
"4.301-DODERER2009FA:4.301","000049113","4.3012009FA","U","2009FA","4.301",05-DEC-08
"4.301-DODERER2009FA:4.301","000049120","4.3012009FA","U","2009FA","4.301",05-DEC-08
"4.301-DODERER2009FA:4.301","000049121","4.3012009FA","U","2009FA","4.301",05-DEC-08
"4.301-DODERER2009FA:4.301","000049122","4.3012009FA","U","2009FA","4.301",05-DEC-08
"4.301-DODERER2009FA:4.301","000049123","4.3012009FA","U","2009FA","4.301",05-DEC-08
"4.301-DODERER2009FA:4.301","000049124","4.3012009FA","U","2009FA","4.301",05-DEC-08
"4.301-DODERER2009FA:4.301","000049125","4.3012009FA","U","2009FA","4.301",05-DEC-08
"4.301-DODERER2009FA:4.301","000049126","4.3012009FA","U","2009FA","4.301",05-DEC-08
"4.301-DODERER2009FA:4.301","000049127","4.3012009FA","U","2009FA","4.301",05-DEC-08
"4.301-DODERER2009FA:4.301","000049128","4.3012009FA","U","2009FA","4.301",05-DEC-08
"4.301-DODERER2009FA:4.301","000049129","4.3012009FA","U","2009FA","4.301",05-DEC-08
"4.301-DODERER2009FA:4.301","000049130","4.3012009FA","U","2009FA","4.301",05-DEC-08
"4.301-DODERER2009FA:4.301","000049131","4.3012009FA","U","2009FA","4.301",05-DEC-08
"4.301-DODERER2009FA:4.301","000049132","4.3012009FA","U","2009FA","4.301",05-DEC-08
"4.301-DODERER2009FA:4.301","000049133","4.3012009FA","U","2009FA","4.301",05-DEC-08
"4.301-DODERER2009FA:4.301","000049134","4.3012009FA","U","2009FA","4.301",05-DEC-08
"4.301-DODERER2009FA:4.301","000049135","4.3012009FA","U","2009FA","4.301",05-DEC-08
"4.301-DODERER2009FA:4.301","000049136","4.3012009FA","U","2009FA","4.301",05-DEC-08
"4.301-DODERER2009FA:4.301","000049137","4.3012009FA","U","2009FA","4.301",05-DEC-08
"4.301-DODERER2009FA:4.301","000049138","4.3012009FA","U","2009FA","4.301",05-DEC-08
"4.301-DODERER2009FA:4.301","000049139","4.3012009FA","U","2009FA","4.301",05-DEC-08
"4.301-DODERER2009FA:4.301","000049160","4.3012009FA","U","2009FA","4.301",05-DEC-08
"4.301-DODERER2009FA:4.301","000049691","4.3012009FA","U","2009FA","4.301",05-DEC-08
"4.301-DODERER2009FA:4.301","000049692","4.3012009FA","U","2009FA","4.301",05-DEC-08
"4.301-DODERER2009FA:4.301","000049693","4.3012009FA","U","2009FA","4.301",05-DEC-08
"4.301-DODERER2009FA:4.301","000049694","4.3012009FA","U","2009FA","4.301",05-DEC-08
"4.301-DODERER2009FA:4.301","000049724","4.3012009FA","U","2009FA","4.301",05-DEC-08
"4.301-DODERER2009FA:4.301","000049725","4.3012009FA","U","2009FA","4.301",05-DEC-08
"4.301-DODERER2009FA:4.301","000049852","4.3012009FA","U","2009FA","4.301",05-DEC-08
"4.301-DODERER2009FA:4.301","000049922","4.3012009FA","U","2009FA","4.301",05-DEC-08
"4.301-DODERER2009FA:4.301","000049936","4.3012009FA","U","2009FA","4.301",05-DEC-08
"4.301-DODERER2009FA:4.301","000049937","4.3012009FA","U","2009FA","4.301",05-DEC-08
"4.301-DODERER2009FA:4.301","000049938","4.3012009FA","U","2009FA","4.301",05-DEC-08
"4.301-DODERER2009FA:4.301","000049942","4.3012009FA","U","2009FA","4.301",05-DEC-08
"4.301-DODERER2009FA:4.301","000049953","4.3012009FA","U","2009FA","4.301",05-DEC-08
"4.301-DODERER2009FA:4.301","000050018","4.3012009FA","U","2009FA","4.301",05-DEC-08
"4.301-DODERER2009FA:4.301","000050019","4.3012009FA","U","2009FA","4.301",05-DEC-08
"4.301-DODERER2009FA:4.301","000050038","4.3012009FA","U","2009FA","4.301",05-DEC-08
"4.303-BAUER/DODERER2009FA:4.303","000048477","4.3032009FA","U","2009FA","4.303",05-DEC-08
"4.303-BAUER/DODERER2009FA:4.303","000048479","4.3032009FA","U","2009FA","4.303",05-DEC-08
"4.303-BAUER/DODERER2009FA:4.303","000048503","4.3032009FA","U","2009FA","4.303",05-DEC-08
"4.303-BAUER/DODERER2009FA:4.303","000048504","4.3032009FA","U","2009FA","4.303",05-DEC-08
"4.303-BAUER/DODERER2009FA:4.303","000048505","4.3032009FA","U","2009FA","4.303",05-DEC-08
"4.303-BAUER/DODERER2009FA:4.303","000048506","4.3032009FA","U","2009FA","4.303",05-DEC-08
"4.303-BAUER/DODERER2009FA:4.303","000048507","4.3032009FA","U","2009FA","4.303",05-DEC-08
"4.303-BAUER/DODERER2009FA:4.303","000048508","4.3032009FA","U","2009FA","4.303",05-DEC-08
"4.303-BAUER/DODERER2009FA:4.303","000048509","4.3032009FA","U","2009FA","4.303",05-DEC-08
"4.303-BAUER/DODERER2009FA:4.303","000048510","4.3032009FA","U","2009FA","4.303",05-DEC-08
"4.303-BAUER/DODERER2009FA:4.303","000048511","4.3032009FA","U","2009FA","4.303",05-DEC-08
"4.303-BAUER/DODERER2009FA:4.303","000048512","4.3032009FA","U","2009FA","4.303",05-DEC-08
"4.303-BAUER/DODERER2009FA:4.303","000048513","4.3032009FA","U","2009FA","4.303",05-DEC-08
"4.303-BAUER/DODERER2009FA:4.303","000048514","4.3032009FA","U","2009FA","4.303",05-DEC-08
"4.303-BAUER/DODERER2009FA:4.303","000048515","4.3032009FA","U","2009FA","4.303",05-DEC-08
"4.303-BAUER/DODERER2009FA:4.303","000048637","4.3032009FA","U","2009FA","4.303",05-DEC-08
"4.303-BAUER/DODERER2009FA:4.303","000048638","4.3032009FA","U","2009FA","4.303",05-DEC-08
"4.303-BAUER/DODERER2009FA:4.303","000049114","4.3032009FA","U","2009FA","4.303",05-DEC-08
"4.303-BAUER/DODERER2009FA:4.303","000049115","4.3032009FA","U","2009FA","4.303",05-DEC-08
"4.303-BAUER/DODERER2009FA:4.303","000049116","4.3032009FA","U","2009FA","4.303",05-DEC-08
"4.303-BAUER/DODERER2009FA:4.303","000049117","4.3032009FA","U","2009FA","4.303",05-DEC-08
"4.303-BAUER/DODERER2009FA:4.303","000049118","4.3032009FA","U","2009FA","4.303",05-DEC-08
"4.303-BAUER/DODERER2009FA:4.303","000049119","4.3032009FA","U","2009FA","4.303",05-DEC-08
"4.303-BAUER/DODERER2009FA:4.303","000049155","4.3032009FA","U","2009FA","4.303",05-DEC-08
"4.303-BAUER/DODERER2009FA:4.303","000049158","4.3032009FA","U","2009FA","4.303",05-DEC-08
"4.303-BAUER/DODERER2009FA:4.303","000049159","4.3032009FA","U","2009FA","4.303",05-DEC-08
"4.303-BAUER/DODERER2009FA:4.303","000049624","4.3032009FA","U","2009FA","4.303",05-DEC-08
"4.303-BAUER/DODERER2009FA:4.303","000049625","4.3032009FA","U","2009FA","4.303",05-DEC-08
"4.303-BAUER/DODERER2009FA:4.303","000049626","4.3032009FA","U","2009FA","4.303",05-DEC-08
"4.303-BAUER/DODERER2009FA:4.303","000049627","4.3032009FA","U","2009FA","4.303",05-DEC-08
"4.303-BAUER/DODERER2009FA:4.303","000049628","4.3032009FA","U","2009FA","4.303",05-DEC-08
"4.303-BAUER/DODERER2009FA:4.303","000049629","4.3032009FA","U","2009FA","4.303",05-DEC-08
"4.303-BAUER/DODERER2009FA:4.303","000049630","4.3032009FA","U","2009FA","4.303",05-DEC-08
"4.303-BAUER/DODERER2009FA:4.303","000049631","4.3032009FA","U","2009FA","4.303",05-DEC-08
"4.303-BAUER/DODERER2009FA:4.303","000049632","4.3032009FA","U","2009FA","4.303",05-DEC-08
"4.303-BAUER/DODERER2009FA:4.303","000049633","4.3032009FA","U","2009FA","4.303",05-DEC-08
"4.303-BAUER/DODERER2009FA:4.303","000049634","4.3032009FA","U","2009FA","4.303",05-DEC-08
"4.303-BAUER/DODERER2009FA:4.303","000049636","4.3032009FA","U","2009FA","4.303",05-DEC-08
"4.303-BAUER/DODERER2009FA:4.303","000049637","4.3032009FA","U","2009FA","4.303",05-DEC-08
"4.303-BAUER/DODERER2009FA:4.303","000049638","4.3032009FA","U","2009FA","4.303",05-DEC-08
"4.303-BAUER/DODERER2009FA:4.303","000049639","4.3032009FA","U","2009FA","4.303",05-DEC-08
"4.303-BAUER/DODERER2009FA:4.303","000049640","4.3032009FA","U","2009FA","4.303",05-DEC-08
"4.303-BAUER/DODERER2009FA:4.303","000049641","4.3032009FA","U","2009FA","4.303",05-DEC-08
"4.303-BAUER/DODERER2009FA:4.303","000049642","4.3032009FA","U","2009FA","4.303",05-DEC-08
"4.303-BAUER/DODERER2009FA:4.303","000049643","4.3032009FA","U","2009FA","4.303",05-DEC-08
"4.303-BAUER/DODERER2009FA:4.303","000049644","4.3032009FA","U","2009FA","4.303",05-DEC-08
"4.303-BAUER/DODERER2009FA:4.303","000049645","4.3032009FA","U","2009FA","4.303",05-DEC-08
"4.303-BAUER/DODERER2009FA:4.303","000049646","4.3032009FA","U","2009FA","4.303",05-DEC-08
"4.303-BAUER/DODERER2009FA:4.303","000049647","4.3032009FA","U","2009FA","4.303",05-DEC-08
"4.303-BAUER/DODERER2009FA:4.303","000049648","4.3032009FA","U","2009FA","4.303",05-DEC-08
"4.303-BAUER/DODERER2009FA:4.303","000049649","4.3032009FA","U","2009FA","4.303",05-DEC-08
"4.303-BAUER/DODERER2009FA:4.303","000049650","4.3032009FA","U","2009FA","4.303",05-DEC-08
"4.303-BAUER/DODERER2009FA:4.303","000049651","4.3032009FA","U","2009FA","4.303",05-DEC-08
"4.303-BAUER/DODERER2009FA:4.303","000049652","4.3032009FA","U","2009FA","4.303",05-DEC-08
"4.303-BAUER/DODERER2009FA:4.303","000049653","4.3032009FA","U","2009FA","4.303",05-DEC-08
"4.303-BAUER/DODERER2009FA:4.303","000049654","4.3032009FA","U","2009FA","4.303",05-DEC-08
"4.303-BAUER/DODERER2009FA:4.303","000049655","4.3032009FA","U","2009FA","4.303",05-DEC-08
"4.303-BAUER/DODERER2009FA:4.303","000049656","4.3032009FA","U","2009FA","4.303",05-DEC-08
"4.303-BAUER/DODERER2009FA:4.303","000049657","4.3032009FA","U","2009FA","4.303",05-DEC-08
"4.303-BAUER/DODERER2009FA:4.303","000049658","4.3032009FA","U","2009FA","4.303",05-DEC-08
"4.303-BAUER/DODERER2009FA:4.303","000049659","4.3032009FA","U","2009FA","4.303",05-DEC-08
"4.303-BAUER/DODERER2009FA:4.303","000049660","4.3032009FA","U","2009FA","4.303",05-DEC-08
"4.303-BAUER/DODERER2009FA:4.303","000049661","4.3032009FA","U","2009FA","4.303",05-DEC-08
"4.303-BAUER/DODERER2009FA:4.303","000049662","4.3032009FA","U","2009FA","4.303",05-DEC-08
"4.303-BAUER/DODERER2009FA:4.303","000049663","4.3032009FA","U","2009FA","4.303",05-DEC-08
"4.303-BAUER/DODERER2009FA:4.303","000049664","4.3032009FA","U","2009FA","4.303",05-DEC-08
"4.303-BAUER/DODERER2009FA:4.303","000049665","4.3032009FA","U","2009FA","4.303",05-DEC-08
"4.303-BAUER/DODERER2009FA:4.303","000049666","4.3032009FA","U","2009FA","4.303",05-DEC-08
"21M.273-LINDGREN2009SP:21M.273","000052727","21M.2732009SP","U","2009SP","21M.273",08-MAY-09
"21M.273-LINDGREN2009SP:21M.273","000052728","21M.2732009SP","U","2009SP","21M.273",08-MAY-09
"21M.273-LINDGREN2009SP:21M.273","000052729","21M.2732009SP","U","2009SP","21M.273",08-MAY-09
"21M.273-LINDGREN2009SP:21M.273","000052730","21M.2732009SP","U","2009SP","21M.273",08-MAY-09
"21M.273-LINDGREN2009SP:21M.273","000052731","21M.2732009SP","U","2009SP","21M.273",08-MAY-09
"21M.273-LINDGREN2009SP:21M.273","000052732","21M.2732009SP","U","2009SP","21M.273",08-MAY-09
"21M.273-LINDGREN2009SP:21M.273","000052733","21M.2732009SP","U","2009SP","21M.273",08-MAY-09
"21M.273-LINDGREN2009SP:21M.273","000052734","21M.2732009SP","U","2009SP","21M.273",08-MAY-09
"21M.273-LINDGREN2009SP:21M.273","000052735","21M.2732009SP","U","2009SP","21M.273",08-MAY-09
"21M.273-LINDGREN2009SP:21M.273","000052736","21M.2732009SP","U","2009SP","21M.273",08-MAY-09
"21M.273-LINDGREN2009SP:21M.273","000052737","21M.2732009SP","U","2009SP","21M.273",08-MAY-09
"21M.273-LINDGREN2009SP:21M.273","000052738","21M.2732009SP","U","2009SP","21M.273",08-MAY-09
"21M.273-LINDGREN2009SP:21M.273","000052739","21M.2732009SP","U","2009SP","21M.273",08-MAY-09
"21M.273-LINDGREN2009SP:21M.273","000052740","21M.2732009SP","U","2009SP","21M.273",08-MAY-09
"21M.273-LINDGREN2009SP:21M.273","000052741","21M.2732009SP","U","2009SP","21M.273",08-MAY-09
"21M.273-LINDGREN2009SP:21M.273","000052742","21M.2732009SP","U","2009SP","21M.273",08-MAY-09
"21M.273-LINDGREN2009SP:21M.273","000052743","21M.2732009SP","U","2009SP","21M.273",08-MAY-09
"21M.273-LINDGREN2009SP:21M.273","000052744","21M.2732009SP","U","2009SP","21M.273",08-MAY-09
"21M.273-LINDGREN2009SP:21M.273","000052745","21M.2732009SP","U","2009SP","21M.273",08-MAY-09
"21M.273-LINDGREN2009SP:21M.273","000052746","21M.2732009SP","U","2009SP","21M.273",08-MAY-09
"21M.273-LINDGREN2009SP:21M.273","000052747","21M.2732009SP","U","2009SP","21M.273",08-MAY-09
"21M.273-LINDGREN2009SP:21M.273","000052748","21M.2732009SP","U","2009SP","21M.273",08-MAY-09
"21M.273-LINDGREN2009SP:21M.273","000052749","21M.2732009SP","N","2009SP","21M.273",08-MAY-09
"21M.273-LINDGREN2009SP:21M.273","000052750","21M.2732009SP","N","2009SP","21M.273",08-MAY-09
"21M.273-LINDGREN2009SP:21M.273","000052751","21M.2732009SP","N","2009SP","21M.273",08-MAY-09
"21M.273-LINDGREN2009SP:21M.273","000052752","21M.2732009SP","N","2009SP","21M.273",08-MAY-09
"21M.273-LINDGREN2009SP:21M.273","000052753","21M.2732009SP","N","2009SP","21M.273",08-MAY-09
"21M.273-LINDGREN2009SP:21M.273","000052754","21M.2732009SP","N","2009SP","21M.273",08-MAY-09
"21M.273-LINDGREN2009SP:21M.273","000052755","21M.2732009SP","N","2009SP","21M.273",08-MAY-09
"21M.273-LINDGREN2009SP:21M.273","000052756","21M.2732009SP","N","2009SP","21M.273",08-MAY-09
"21M.273-LINDGREN2009SP:21M.273","000052757","21M.2732009SP","N","2009SP","21M.273",08-MAY-09
"21M.273-LINDGREN2009SP:21M.273","000052758","21M.2732009SP","U","2009SP","21M.273",08-MAY-09
"21M.273-LINDGREN2009SP:21M.273","000052759","21M.2732009SP","N","2009SP","21M.273",08-MAY-09
"21M.273-LINDGREN2009SP:21M.273","000052760","21M.2732009SP","U","2009SP","21M.273",08-MAY-09
"21M.273-LINDGREN2009SP:21M.273","000052761","21M.2732009SP","U","2009SP","21M.273",08-MAY-09
"21M.273-LINDGREN2009SP:21M.273","000052762","21M.2732009SP","U","2009SP","21M.273",08-MAY-09
"21M.273-LINDGREN2009SP:21M.273","000052763","21M.2732009SP","U","2009SP","21M.273",08-MAY-09
"21M.273-LINDGREN2009SP:21M.273","000052764","21M.2732009SP","U","2009SP","21M.273",08-MAY-09
"21M.273-LINDGREN2009SP:21M.273","000052765","21M.2732009SP","U","2009SP","21M.273",08-MAY-09
"21M.273-LINDGREN2009SP:21M.273","000052766","21M.2732009SP","U","2009SP","21M.273",08-MAY-09
"21M.273-LINDGREN2009SP:21M.273","000052767","21M.2732009SP","U","2009SP","21M.273",08-MAY-09
"21M.273-LINDGREN2009SP:21M.273","000052768","21M.2732009SP","U","2009SP","21M.273",08-MAY-09
"21M.273-LINDGREN2009SP:21M.273","000052769","21M.2732009SP","U","2009SP","21M.273",08-MAY-09
"21M.273-LINDGREN2009SP:21M.273","000052770","21M.2732009SP","U","2009SP","21M.273",08-MAY-09
"21M.273-LINDGREN2009SP:21M.273","000052771","21M.2732009SP","U","2009SP","21M.273",08-MAY-09
"21M.273-LINDGREN2009SP:21M.273","000052772","21M.2732009SP","U","2009SP","21M.273",08-MAY-09
"21M.273-LINDGREN2009SP:21M.273","000053067","21M.2732009SP","N","2009SP","21M.273",08-MAY-09
"21M.273-LINDGREN2009SP:21M.273","000053068","21M.2732009SP","N","2009SP","21M.273",08-MAY-09
"21M.273-LINDGREN2009SP:21M.273","000053069","21M.2732009SP","N","2009SP","21M.273",08-MAY-09
"21M.273-LINDGREN2009SP:21M.273","000053247","21M.2732009SP","N","2009SP","21M.273",08-MAY-09
"21M.273-LINDGREN2009SP:21M.273","000053248","21M.2732009SP","N","2009SP","21M.273",08-MAY-09
"21M.273-LINDGREN2009SP:21M.273","000053249","21M.2732009SP","N","2009SP","21M.273",08-MAY-09
"21M.273-LINDGREN2009SP:21M.273","000053250","21M.2732009SP","N","2009SP","21M.273",08-MAY-09
"21M.273-LINDGREN2009SP:21M.273","000053251","21M.2732009SP","N","2009SP","21M.273",08-MAY-09
"21M.273-LINDGREN2009SP:21M.273","000053252","21M.2732009SP","N","2009SP","21M.273",08-MAY-09
"21M.273-LINDGREN2009SP:21M.273","000053253","21M.2732009SP","N","2009SP","21M.273",08-MAY-09
"21M.273-LINDGREN2009SP:21M.273","000053254","21M.2732009SP","N","2009SP","21M.273",08-MAY-09
"21M.273-LINDGREN2009SP:21M.273","000053255","21M.2732009SP","N","2009SP","21M.273",08-MAY-09
"21M.273-LINDGREN2009SP:21M.273","000053256","21M.2732009SP","N","2009SP","21M.273",08-MAY-09
"21M.273-LINDGREN2009SP:21M.273","000053257","21M.2732009SP","N","2009SP","21M.273",08-MAY-09
"21M.273-LINDGREN2009SP:21M.273","000053258","21M.2732009SP","N","2009SP","21M.273",08-MAY-09
"21M.273-LINDGREN2009SP:21M.273","000053259","21M.2732009SP","N","2009SP","21M.273",08-MAY-09
"21M.273-LINDGREN2009SP:21M.273","000053260","21M.2732009SP","N","2009SP","21M.273",08-MAY-09
"21M.273-LINDGREN2009SP:21M.273","000053261","21M.2732009SP","N","2009SP","21M.273",08-MAY-09
"21M.273-LINDGREN2009SP:21M.273","000053262","21M.2732009SP","N","2009SP","21M.273",08-MAY-09
"21M.273-LINDGREN2009SP:21M.273","000053263","21M.2732009SP","N","2009SP","21M.273",08-MAY-09
"21M.273-LINDGREN2009SP:21M.273","000053264","21M.2732009SP","N","2009SP","21M.273",08-MAY-09
"21M.273-LINDGREN2009SP:21M.273","000053266","21M.2732009SP","N","2009SP","21M.273",08-MAY-09
"21M.273-LINDGREN2009SP:21M.273","000053267","21M.2732009SP","N","2009SP","21M.273",08-MAY-09
"21M.273-LINDGREN2009SP:21M.273","000053268","21M.2732009SP","N","2009SP","21M.273",08-MAY-09
"21M.273-LINDGREN2009SP:21M.273","000053285","21M.2732009SP","N","2009SP","21M.273",08-MAY-09
"21M.273-LINDGREN2009SP:21M.273","000053286","21M.2732009SP","N","2009SP","21M.273",08-MAY-09
"21M.273-LINDGREN2009SP:21M.273","000053287","21M.2732009SP","N","2009SP","21M.273",08-MAY-09
"21M.273-LINDGREN2009SP:21M.273","000053288","21M.2732009SP","N","2009SP","21M.273",08-MAY-09
"21M.273-LINDGREN2009SP:21M.273","000053289","21M.2732009SP","N","2009SP","21M.273",08-MAY-09
"21M.273-LINDGREN2009SP:21M.273","000053290","21M.2732009SP","N","2009SP","21M.273",08-MAY-09
"21M.273-LINDGREN2009SP:21M.273","000053291","21M.2732009SP","N","2009SP","21M.273",08-MAY-09
"21M.273-LINDGREN2009SP:21M.273","000053292","21M.2732009SP","N","2009SP","21M.273",08-MAY-09
"21M.273-LINDGREN2009SP:21M.273","000053293","21M.2732009SP","N","2009SP","21M.273",08-MAY-09
"21M.273-LINDGREN2009SP:21M.273","000053294","21M.2732009SP","N","2009SP","21M.273",08-MAY-09
"21M.273-LINDGREN2009SP:21M.273","000053295","21M.2732009SP","N","2009SP","21M.273",08-MAY-09
"21M.273-LINDGREN2009SP:21M.273","000053296","21M.2732009SP","N","2009SP","21M.273",08-MAY-09
"21M.273-LINDGREN2009SP:21M.273","000053297","21M.2732009SP","N","2009SP","21M.273",08-MAY-09
"21M.273-LINDGREN2009SP:21M.273","000053298","21M.2732009SP","N","2009SP","21M.273",08-MAY-09
"21M.273-LINDGREN2009SP:21M.273","000053299","21M.2732009SP","N","2009SP","21M.273",08-MAY-09
"21M.273-LINDGREN2009SP:21M.273","000053300","21M.2732009SP","N","2009SP","21M.273",08-MAY-09
"21M.273-LINDGREN2009SP:21M.273","000053301","21M.2732009SP","N","2009SP","21M.273",08-MAY-09
"21M.273-LINDGREN2009SP:21M.273","000053302","21M.2732009SP","N","2009SP","21M.273",08-MAY-09
"21M.273-LINDGREN2009SP:21M.273","000053303","21M.2732009SP","N","2009SP","21M.273",08-MAY-09
"21M.273-LINDGREN2009SP:21M.273","000053304","21M.2732009SP","N","2009SP","21M.273",08-MAY-09
"21M.273-LINDGREN2009SP:21M.273","000053305","21M.2732009SP","N","2009SP","21M.273",08-MAY-09
"21M.273-LINDGREN2009SP:21M.273","000053306","21M.2732009SP","N","2009SP","21M.273",08-MAY-09
"21M.273-LINDGREN2009SP:21M.273","000053307","21M.2732009SP","N","2009SP","21M.273",08-MAY-09
"21M.273-LINDGREN2009SP:21M.273","000053308","21M.2732009SP","N","2009SP","21M.273",08-MAY-09
"21M.273-LINDGREN2009SP:21M.273","000053309","21M.2732009SP","N","2009SP","21M.273",08-MAY-09
"21M.273-LINDGREN2009SP:21M.273","000053321","21M.2732009SP","N","2009SP","21M.273",08-MAY-09
"21M.273-LINDGREN2009SP:21M.273","000053322","21M.2732009SP","N","2009SP","21M.273",08-MAY-09
"21M.273-LINDGREN2009SP:21M.273","000053389","21M.2732009SP","N","2009SP","21M.273",08-MAY-09
"21M.273-LINDGREN2009SP:21M.273","000053462","21M.2732009SP","N","2009SP","21M.273",08-MAY-09
"21M.273-LINDGREN2009SP:21M.273","000053498","21M.2732009SP","N","2009SP","21M.273",08-MAY-09
"21M.273-LINDGREN2009SP:21M.273","000053545","21M.2732009SP","N","2009SP","21M.273",08-MAY-09
"21M.273-LINDGREN2009SP:21M.273","000053552","21M.2732009SP","N","2009SP","21M.273",08-MAY-09
"21M.273-LINDGREN2009SP:21M.273","000053572","21M.2732009SP","N","2009SP","21M.273",08-MAY-09
"21M.273-LINDGREN2009SP:21M.273","000053944","21M.2732009SP","N","2009SP","21M.273",08-MAY-09
"21M.273-LINDGREN2009SP:21M.273","000053945","21M.2732009SP","N","2009SP","21M.273",08-MAY-09
"21M.273-LINDGREN2009SP:21M.273","000053946","21M.2732009SP","N","2009SP","21M.273",08-MAY-09
"21M.273-LINDGREN2009SP:21M.273","000053947","21M.2732009SP","N","2009SP","21M.273",08-MAY-09
"21M.284-MARKS2009SP:21M.284","000046304","21M.2842009SP","U","2009SP","21M.284",08-MAY-09
"21M.284-MARKS2009SP:21M.284","000052719","21M.2842009SP","N","2009SP","21M.284",08-MAY-09
"21M.670-PARIS2009SP:21M.670","000052172","21M.6702009SP","N","2009SP","21M.670",08-MAY-09
"21M.670-PARIS2009SP:21M.670","000053436","21M.6702009SP","U","2009SP","21M.670",08-MAY-09
"15.025-MCADAMS2008SP:15.025","000045302","15.0252008SP","U","2008SP","15.025",09-MAY-08
"15.025-MCADAMS2008SP:15.025","000045404","15.0252008SP","U","2008SP","15.025",09-MAY-08
"15.062-WELSCH2008SP:15.062","000045595","15.0622008SP","U","2008SP","15.062",09-MAY-08
"15.062-WELSCH2008SP:15.062","000045596","15.0622008SP","U","2008SP","15.062",09-MAY-08
"15.062-WELSCH2008SP:15.062","000045597","15.0622008SP","U","2008SP","15.062",09-MAY-08
"15.062-WELSCH2008SP:15.062","000045598","15.0622008SP","U","2008SP","15.062",09-MAY-08
"15.062-WELSCH2008SP:15.062","000045599","15.0622008SP","U","2008SP","15.062",09-MAY-08
"15.062-WELSCH2008SP:15.062","000045600","15.0622008SP","U","2008SP","15.062",09-MAY-08
"15.062-WELSCH2008SP:15.062","000045601","15.0622008SP","U","2008SP","15.062",09-MAY-08
"15.062-WELSCH2008SP:15.062","000045602","15.0622008SP","U","2008SP","15.062",09-MAY-08
"15.062-WELSCH2008SP:15.062","000045603","15.0622008SP","U","2008SP","15.062",09-MAY-08
"15.062-WELSCH2008SP:15.062","000045604","15.0622008SP","U","2008SP","15.062",09-MAY-08
"15.062-WELSCH2008SP:15.062","000045605","15.0622008SP","U","2008SP","15.062",09-MAY-08
"15.062-WELSCH2008SP:15.062","000045606","15.0622008SP","U","2008SP","15.062",09-MAY-08
"15.062-WELSCH2008SP:15.062","000047012","15.0622008SP","U","2008SP","15.062",09-MAY-08
"15.077-WELSCH2008SP:15.077","000045324","15.0772008SP","U","2008SP","15.077",09-MAY-08
"15.077-WELSCH2008SP:15.077","000045356","15.0772008SP","U","2008SP","15.077",09-MAY-08
"15.077-WELSCH2008SP:15.077","000045357","15.0772008SP","U","2008SP","15.077",09-MAY-08
"15.077-WELSCH2008SP:15.077","000045358","15.0772008SP","U","2008SP","15.077",09-MAY-08
"15.077-WELSCH2008SP:15.077","000045359","15.0772008SP","U","2008SP","15.077",09-MAY-08
"15.077-WELSCH2008SP:15.077","000045360","15.0772008SP","U","2008SP","15.077",09-MAY-08
"15.077-WELSCH2008SP:15.077","000045361","15.0772008SP","U","2008SP","15.077",09-MAY-08
"15.077-WELSCH2008SP:15.077","000045362","15.0772008SP","U","2008SP","15.077",09-MAY-08
"15.077-WELSCH2008SP:15.077","000045363","15.0772008SP","U","2008SP","15.077",09-MAY-08
"15.077-WELSCH2008SP:15.077","000045383","15.0772008SP","U","2008SP","15.077",09-MAY-08
"15.077-WELSCH2008SP:15.077","000045384","15.0772008SP","U","2008SP","15.077",09-MAY-08
"15.077-WELSCH2008SP:15.077","000045385","15.0772008SP","U","2008SP","15.077",09-MAY-08
"15.077-WELSCH2008SP:15.077","000045386","15.0772008SP","U","2008SP","15.077",09-MAY-08
"15.077-WELSCH2008SP:15.077","000045387","15.0772008SP","U","2008SP","15.077",09-MAY-08
"15.077-WELSCH2008SP:15.077","000045388","15.0772008SP","U","2008SP","15.077",09-MAY-08
"15.077-WELSCH2008SP:15.077","000045389","15.0772008SP","U","2008SP","15.077",09-MAY-08
"15.077-WELSCH2008SP:15.077","000045390","15.0772008SP","U","2008SP","15.077",09-MAY-08
"15.077-WELSCH2008SP:15.077","000045391","15.0772008SP","U","2008SP","15.077",09-MAY-08
"15.077-WELSCH2008SP:15.077","000045392","15.0772008SP","U","2008SP","15.077",09-MAY-08
"15.077-WELSCH2008SP:15.077","000045393","15.0772008SP","U","2008SP","15.077",09-MAY-08
"15.077-WELSCH2008SP:15.077","000045394","15.0772008SP","U","2008SP","15.077",09-MAY-08
"15.077-WELSCH2008SP:15.077","000045395","15.0772008SP","U","2008SP","15.077",09-MAY-08
"15.077-WELSCH2008SP:15.077","000045396","15.0772008SP","U","2008SP","15.077",09-MAY-08
"15.077-WELSCH2008SP:15.077","000045397","15.0772008SP","U","2008SP","15.077",09-MAY-08
"15.077-WELSCH2008SP:15.077","000045398","15.0772008SP","U","2008SP","15.077",09-MAY-08
"15.077-WELSCH2008SP:15.077","000045399","15.0772008SP","U","2008SP","15.077",09-MAY-08
"15.077-WELSCH2008SP:15.077","000045400","15.0772008SP","U","2008SP","15.077",09-MAY-08
"15.077-WELSCH2008SP:15.077","000045401","15.0772008SP","U","2008SP","15.077",09-MAY-08
"15.077-WELSCH2008SP:15.077","000045402","15.0772008SP","U","2008SP","15.077",09-MAY-08
"15.077-WELSCH2008SP:15.077","000045405","15.0772008SP","U","2008SP","15.077",09-MAY-08
"15.077-WELSCH2008SP:15.077","000045406","15.0772008SP","U","2008SP","15.077",09-MAY-08
"15.077-WELSCH2008SP:15.077","000045407","15.0772008SP","U","2008SP","15.077",09-MAY-08
"15.077-WELSCH2008SP:15.077","000045408","15.0772008SP","U","2008SP","15.077",09-MAY-08
"15.077-WELSCH2008SP:15.077","000045409","15.0772008SP","U","2008SP","15.077",09-MAY-08
"15.077-WELSCH2008SP:15.077","000045410","15.0772008SP","U","2008SP","15.077",09-MAY-08
"15.077-WELSCH2008SP:15.077","000045411","15.0772008SP","U","2008SP","15.077",09-MAY-08
"21F.064-MIYAGAWA2009FA:21F.064","000047817","21F.0642009FA","U","2009FA","21F.064",05-DEC-08
"21F.065-CONDRY2009FA:21F.065","000047318","21F.0652009FA","Y","2009FA","21F.065",05-DEC-08
"21F.065-CONDRY2009FA:21F.065","000047319","21F.0652009FA","Y","2009FA","21F.065",05-DEC-08
"21F.065-CONDRY2009FA:21F.065","000047419","21F.0652009FA","Y","2009FA","21F.065",05-DEC-08
"21F.076-RESNICK2009FA:21F.076","000047405","21F.0762009FA","Y","2009FA","21F.076",05-DEC-08
"21F.076-RESNICK2009FA:21F.076","000047812","21F.0762009FA","U","2009FA","21F.076",05-DEC-08
"21F.076-RESNICK2009FA:21F.076","000047907","21F.0762009FA","U","2009FA","21F.076",05-DEC-08
"21F.076-RESNICK2009FA:21F.076","000048168","21F.0762009FA","U","2009FA","21F.076",05-DEC-08
"21F.076-RESNICK2009FA:21F.076","000050045","21F.0762009FA","N","2009FA","21F.076",05-DEC-08
"21F.080-GARRELS2009FA:21F.080","000047825","21F.0802009FA","U","2009FA","21F.080",05-DEC-08
"21F.080-GARRELS2009FA:21F.080","000047826","21F.0802009FA","U","2009FA","21F.080",05-DEC-08
"21F.080-GARRELS2009FA:21F.080","000047827","21F.0802009FA","U","2009FA","21F.080",05-DEC-08
"21F.080-GARRELS2009FA:21F.080","000047865","21F.0802009FA","U","2009FA","21F.080",05-DEC-08
"21F.080-GARRELS2009FA:21F.080","000047901","21F.0802009FA","U","2009FA","21F.080",05-DEC-08
"21F.080-GARRELS2009FA:21F.080","000048615","21F.0802009FA","U","2009FA","21F.080",05-DEC-08
"21F.080-GARRELS2009FA:21F.080","000048616","21F.0802009FA","U","2009FA","21F.080",05-DEC-08
"21F.107-LIANG2009FA:21F.107","000047519","21F.1072009FA","Y","2009FA","21F.107",05-DEC-08
"21F.107-LIANG2009FA:21F.107","000047520","21F.1072009FA","Y","2009FA","21F.107",05-DEC-08
"21F.157-LIANG2009FA:21F.157","000047519","21F.1572009FA","Y","2009FA","21F.157",05-DEC-08
"21F.157-LIANG2009FA:21F.157","000047520","21F.1572009FA","Y","2009FA","21F.157",05-DEC-08
"21F.181-LIANG2009FA:21F.181","000047519","21F.1812009FA","Y","2009FA","21F.181",05-DEC-08
"21F.181-LIANG2009FA:21F.181","000047520","21F.1812009FA","Y","2009FA","21F.181",05-DEC-08
"21F.211-DUNPHY2009FA:21F.211","000047754","21F.2112009FA","Y","2009FA","21F.211",05-DEC-08
"21F.219-BRENNECKE2009FA:21F.219","000047521","21F.2192009FA","Y","2009FA","21F.219",05-DEC-08
"21F.220-BRENNECKE2009FA:21F.220","000047522","21F.2202009FA","Y","2009FA","21F.220",05-DEC-08
"21F.222-KEMP2009FA:21F.222","000047480","21F.2222009FA","U","2009FA","21F.222",05-DEC-08
"21F.222-KEMP2009FA:21F.222","000047864","21F.2222009FA","U","2009FA","21F.222",05-DEC-08
"21F.222-LOCKWOOD2009FA:21F.222","000047480","21F.2222009FA","U","2009FA","21F.222",05-DEC-08
"21F.222-LOCKWOOD2009FA:21F.222","000047864","21F.2222009FA","U","2009FA","21F.222",05-DEC-08
"21F.222-LOCKWOOD2009FA:21F.222","000048595","21F.2222009FA","U","2009FA","21F.222",05-DEC-08
"21F.222-LOCKWOOD2009FA:21F.222","000048849","21F.2222009FA","U","2009FA","21F.222",05-DEC-08
"21F.223-BRENNECKE2009FA:21F.223","000047325","21F.2232009FA","Y","2009FA","21F.223",05-DEC-08
"21F.224-BRENNECKE2009FA:21F.224","000047326","21F.2242009FA","Y","2009FA","21F.224",05-DEC-08
"21F.232-DUNPHY2009FA:21F.232","000047977","21F.2322009FA","U","2009FA","21F.232",05-DEC-08
"21F.233-DUNPHY2009FA:21F.233","000047978","21F.2332009FA","U","2009FA","21F.233",05-DEC-08
"21F.301-SADOCK2009FA:21F.301","000048359","21F.3012009FA","Y","2009FA","21F.301",05-DEC-08
"21F.302-CULOT2009FA:21F.302","000048362","21F.3022009FA","Y","2009FA","21F.302",05-DEC-08
"21M.704-DEFRANTZ2009SP:21M.704","000034736","21M.7042009SP","U","2009SP","21M.704",08-MAY-09
"21M.704-DEFRANTZ2009SP:21M.704","000034737","21M.7042009SP","U","2009SP","21M.704",08-MAY-09
"21M.704-DEFRANTZ2009SP:21M.704","000034738","21M.7042009SP","U","2009SP","21M.704",08-MAY-09
"21M.704-DEFRANTZ2009SP:21M.704","000034739","21M.7042009SP","U","2009SP","21M.704",08-MAY-09
"21M.704-DEFRANTZ2009SP:21M.704","000034740","21M.7042009SP","U","2009SP","21M.704",08-MAY-09
"21M.704-DEFRANTZ2009SP:21M.704","000034741","21M.7042009SP","U","2009SP","21M.704",08-MAY-09
"21M.704-DEFRANTZ2009SP:21M.704","000034742","21M.7042009SP","U","2009SP","21M.704",08-MAY-09
"21M.704-DEFRANTZ2009SP:21M.704","000034743","21M.7042009SP","U","2009SP","21M.704",08-MAY-09
"21M.704-DEFRANTZ2009SP:21M.704","000034827","21M.7042009SP","U","2009SP","21M.704",08-MAY-09
"21M.704-DEFRANTZ2009SP:21M.704","000034828","21M.7042009SP","U","2009SP","21M.704",08-MAY-09
"21M.704-DEFRANTZ2009SP:21M.704","000034829","21M.7042009SP","U","2009SP","21M.704",08-MAY-09
"21M.704-DEFRANTZ2009SP:21M.704","000034830","21M.7042009SP","U","2009SP","21M.704",08-MAY-09
"21M.704-DEFRANTZ2009SP:21M.704","000034831","21M.7042009SP","U","2009SP","21M.704",08-MAY-09
"21M.704-DEFRANTZ2009SP:21M.704","000034832","21M.7042009SP","U","2009SP","21M.704",08-MAY-09
"21M.704-DEFRANTZ2009SP:21M.704","000034833","21M.7042009SP","U","2009SP","21M.704",08-MAY-09
"21M.704-DEFRANTZ2009SP:21M.704","000034834","21M.7042009SP","U","2009SP","21M.704",08-MAY-09
"21M.704-DEFRANTZ2009SP:21M.704","000034835","21M.7042009SP","U","2009SP","21M.704",08-MAY-09
"21M.704-DEFRANTZ2009SP:21M.704","000051145","21M.7042009SP","U","2009SP","21M.704",08-MAY-09
"21M.704-DEFRANTZ2009SP:21M.704","000053503","21M.7042009SP","N","2009SP","21M.704",08-MAY-09
"21M.704-DEFRANTZ2009SP:21M.704","000053504","21M.7042009SP","N","2009SP","21M.704",08-MAY-09
"21M.704-DEFRANTZ2009SP:21M.704","000053505","21M.7042009SP","N","2009SP","21M.704",08-MAY-09
"21M.704-DEFRANTZ2009SP:21M.704","000053506","21M.7042009SP","N","2009SP","21M.704",08-MAY-09
"21M.704-DEFRANTZ2009SP:21M.704","000053507","21M.7042009SP","N","2009SP","21M.704",08-MAY-09
"21M.704-DEFRANTZ2009SP:21M.704","000053813","21M.7042009SP","N","2009SP","21M.704",08-MAY-09
"21W.730-WALSH2009SP:21W.730","000050228","21W.7302009SP","Y","2009SP","21W.730",08-MAY-09
"21W.730-WALSH2009SP:21W.730","000050229","21W.7302009SP","Y","2009SP","21W.730",08-MAY-09
"21W.730-WALSH2009SP:21W.730","000050230","21W.7302009SP","Y","2009SP","21W.730",08-MAY-09
"21W.730-WALSH2009SP:21W.730","000052516","21W.7302009SP","N","2009SP","21W.730",08-MAY-09
"21W.730.1-WALSH2009SP:21W.730.1","000051684","21W.730.12009SP","Y","2009SP","21W.730.1",08-MAY-09
"21W.730.1-WALSH2009SP:21W.730.1","000051685","21W.730.12009SP","Y","2009SP","21W.730.1",08-MAY-09
"21W.730.1-WALSH2009SP:21W.730.1","000053827","21W.730.12009SP","Y","2009SP","21W.730.1",08-MAY-09
"21W.730.1-WALSH2009SP:21W.730.1","000053828","21W.730.12009SP","Y","2009SP","21W.730.1",08-MAY-09
"21W.730.2-WALSH2009SP:21W.730.2","000051686","21W.730.22009SP","Y","2009SP","21W.730.2",08-MAY-09
"21W.730.2-WALSH2009SP:21W.730.2","000051687","21W.730.22009SP","Y","2009SP","21W.730.2",08-MAY-09
"21W.730.2-WALSH2009SP:21W.730.2","000053829","21W.730.22009SP","Y","2009SP","21W.730.2",08-MAY-09
"21W.730.2-WALSH2009SP:21W.730.2","000053830","21W.730.22009SP","Y","2009SP","21W.730.2",08-MAY-09
"21W.731-MARX2009SP:21W.731","000047980","21W.7312009SP","Y","2009SP","21W.731",08-MAY-09
"21M.IAP-RUCKERT2009JA:21M.IAP","000051567","21M.IAP2009JA","N","2009JA","21M.IAP",02-FEB-09
"21W.731.2-MARX2009SP:21W.731.2","000051683","21W.731.22009SP","Y","2009SP","21W.731.2",08-MAY-09
"21W.732-TAFT2009SP:21W.732","000050231","21W.7322009SP","Y","2009SP","21W.732",08-MAY-09
"21W.732-TAFT2009SP:21W.732","000050232","21W.7322009SP","Y","2009SP","21W.732",08-MAY-09
"21W.732-TAFT2009SP:21W.732","000052125","21W.7322009SP","U","2009SP","21W.732",08-MAY-09
"21W.732-WALSH2009SP:21W.732","000050425","21W.7322009SP","Y","2009SP","21W.732",08-MAY-09
"21W.732.1-WALSH2009SP:21W.732.1","000051682","21W.732.12009SP","Y","2009SP","21W.732.1",08-MAY-09
"21W.732.2-TAFT2009SP:21W.732.2","000051681","21W.732.22009SP","Y","2009SP","21W.732.2",08-MAY-09
"21W.735-FAERY2009SP:21W.735","000048666","21W.7352009SP","Y","2009SP","21W.735",08-MAY-09
"21W.735-FAERY2009SP:21W.735","000048667","21W.7352009SP","Y","2009SP","21W.735",08-MAY-09
"21W.735-FAERY2009SP:21W.735","000050423","21W.7352009SP","Y","2009SP","21W.735",08-MAY-09
"11.330/4.241-BEINART2008SP:11.330","000046159","11.3302008SP","U","2008SP","11.330",09-MAY-08
"11.333J-FRENCHMAN2008SP:11.333","000040230","11.3332008SP","U","2008SP","11.333",09-MAY-08
"11.333J-FRENCHMAN2008SP:11.333","000040231","11.3332008SP","U","2008SP","11.333",09-MAY-08
"11.333J-FRENCHMAN2008SP:11.333","000040232","11.3332008SP","U","2008SP","11.333",09-MAY-08
"11.333J-FRENCHMAN2008SP:11.333","000040233","11.3332008SP","U","2008SP","11.333",09-MAY-08
"11.333J-FRENCHMAN2008SP:11.333","000040234","11.3332008SP","U","2008SP","11.333",09-MAY-08
"11.333J-FRENCHMAN2008SP:11.333","000040235","11.3332008SP","U","2008SP","11.333",09-MAY-08
"11.333J-FRENCHMAN2008SP:11.333","000040237","11.3332008SP","U","2008SP","11.333",09-MAY-08
"11.333J-FRENCHMAN2008SP:11.333","000046404","11.3332008SP","U","2008SP","11.333",09-MAY-08
"11.333J-FRENCHMAN2008SP:11.333","000046405","11.3332008SP","U","2008SP","11.333",09-MAY-08
"11.360-SZOLD2008SP:11.360","000046649","11.3602008SP","U","2008SP","11.360",09-MAY-08
"11.369-RAAB2008SP:11.369","000046069","11.3692008SP","U","2008SP","11.369",09-MAY-08
"11.369-RAAB2008SP:11.369","000046492","11.3692008SP","U","2008SP","11.369",09-MAY-08
"11.375-KARL2008SP:11.375","000046950","11.3752008SP","U","2008SP","11.375",09-MAY-08
"11.426-DELCERRO2008SP:11.426","000044866","11.4262008SP","U","2008SP","11.426",09-MAY-08
"11.426-DELCERRO2008SP:11.426","000044867","11.4262008SP","U","2008SP","11.426",09-MAY-08
"11.426-DELCERRO2008SP:11.426","000044884","11.4262008SP","U","2008SP","11.426",09-MAY-08
"11.426-DELCERRO2008SP:11.426","000044885","11.4262008SP","U","2008SP","11.426",09-MAY-08
"11.426-DELCERRO2008SP:11.426","000044927","11.4262008SP","U","2008SP","11.426",09-MAY-08
"11.426-DELCERRO2008SP:11.426","000045819","11.4262008SP","U","2008SP","11.426",09-MAY-08
"11.426-DELCERRO2008SP:11.426","000045839","11.4262008SP","U","2008SP","11.426",09-MAY-08
"11.426-DELCERRO2008SP:11.426","000047094","11.4262008SP","U","2008SP","11.426",09-MAY-08
"11.432-GELTNER2008SP:11.432","000040832","11.4322008SP","U","2008SP","11.432",09-MAY-08
"11.467-KIM2008SP:11.467","000046684","11.4672008SP","U","2008SP","11.467",09-MAY-08
"11.479-MURCOTT2008SP:11.479","000041294","11.4792008SP","U","2008SP","11.479",09-MAY-08
"11.479-MURCOTT2008SP:11.479","000046746","11.4792008SP","U","2008SP","11.479",09-MAY-08
"11.479-MURCOTT2008SP:11.479","000046747","11.4792008SP","U","2008SP","11.479",09-MAY-08
"11.479-MURCOTT2008SP:11.479","000046787","11.4792008SP","U","2008SP","11.479",09-MAY-08
"11.479-MURCOTT2008SP:11.479","000046966","11.4792008SP","U","2008SP","11.479",09-MAY-08
"11.479-MURCOTT2008SP:11.479","000047089","11.4792008SP","U","2008SP","11.479",09-MAY-08
"11.526-ZEGRAS2008SP:11.526","000046380","11.5262008SP","U","2008SP","11.526",09-MAY-08
"11.526-ZEGRAS2008SP:11.526","000046721","11.5262008SP","U","2008SP","11.526",09-MAY-08
"11.944-KIM2008SP:11.944","000046485","11.9442008SP","U","2008SP","11.944",09-MAY-08
"11.945-RAJAGOPAL2008SP:11.945","000046852","11.9452008SP","U","2008SP","11.945",09-MAY-08
"11.946-MACOMBER2008SP:11.946","000046681","11.9462008SP","U","2008SP","11.946",09-MAY-08
"11.947-CARMIN/WILSON2008SP:11.947","000046788","11.9472008SP","U","2008SP","11.947",09-MAY-08
"11.947-CARMIN/WILSON2008SP:11.947","000046830","11.9472008SP","U","2008SP","11.947",09-MAY-08
"11.947-CARMIN/WILSON2008SP:11.947","000046831","11.9472008SP","U","2008SP","11.947",09-MAY-08
"11.949-LAYZER/BRIGGS2008SP:11.949","000046685","11.9492008SP","U","2008SP","11.949",09-MAY-08
"11.953-BOOKMAN2008SP:11.953","000045067","11.9532008SP","U","2008SP","11.953",09-MAY-08
"11.953-BOOKMAN2008SP:11.953","000045068","11.9532008SP","U","2008SP","11.953",09-MAY-08
"11.956-TAHBILDAR2008SP:11.956","000045454","11.9562008SP","U","2008SP","11.956",09-MAY-08
"11.THG-DAVIS2008SP:11.THG","000046424","11.THG2008SP","U","2008SP","11.THG",09-MAY-08
"11.THG-DAVIS2008SP:11.THG","000046425","11.THG2008SP","U","2008SP","11.THG",09-MAY-08
"11.THG-DAVIS2008SP:11.THG","000046426","11.THG2008SP","U","2008SP","11.THG",09-MAY-08
"11.THG-DAVIS2008SP:11.THG","000046770","11.THG2008SP","U","2008SP","11.THG",09-MAY-08
"12.001-ELKINS-TANTON2008SP:12.001","000046494","12.0012008SP","U","2008SP","12.001",09-MAY-08
"12.001-ELKINS-TANTON2008SP:12.001","000046593","12.0012008SP","U","2008SP","12.001",09-MAY-08
"12.007-BOSAK2008SP:12.007","000045350","12.0072008SP","U","2008SP","12.007",09-MAY-08
"12.007-BOSAK2008SP:12.007","000045351","12.0072008SP","U","2008SP","12.007",09-MAY-08
"12.007-BOSAK2008SP:12.007","000045352","12.0072008SP","U","2008SP","12.007",09-MAY-08
"12.007-BOSAK2008SP:12.007","000045353","12.0072008SP","U","2008SP","12.007",09-MAY-08
"12.007-BOSAK2008SP:12.007","000045414","12.0072008SP","U","2008SP","12.007",09-MAY-08
"12.007-BOSAK2008SP:12.007","000046826","12.0072008SP","U","2008SP","12.007",09-MAY-08
"12.085-ROTHMAN2008SP:12.085","000046257","12.0852008SP","U","2008SP","12.085",09-MAY-08
"12.085-ROTHMAN2008SP:12.085","000046420","12.0852008SP","U","2008SP","12.085",09-MAY-08
"12.103-EMANUEL2008SP:12.103","000045993","12.1032008SP","U","2008SP","12.103",09-MAY-08
"12.103-EMANUEL2008SP:12.103","000046700","12.1032008SP","U","2008SP","12.103",09-MAY-08
"12.103-EMANUEL2008SP:12.103","000047044","12.1032008SP","U","2008SP","12.103",09-MAY-08
"12.103-EMANUEL2008SP:12.103","000047047","12.1032008SP","U","2008SP","12.103",09-MAY-08
"12.108-SHIM2008SP:12.108","000045763","12.1082008SP","U","2008SP","12.108",09-MAY-08
"12.108-SHIM2008SP:12.108","000045764","12.1082008SP","U","2008SP","12.108",09-MAY-08
"12.108-SHIM2008SP:12.108","000045765","12.1082008SP","U","2008SP","12.108",09-MAY-08
"12.108-SHIM2008SP:12.108","000045766","12.1082008SP","U","2008SP","12.108",09-MAY-08
"12.108-SHIM2008SP:12.108","000045767","12.1082008SP","U","2008SP","12.108",09-MAY-08
"12.119-FREY2008SP:12.119","000046449","12.1192008SP","U","2008SP","12.119",09-MAY-08
"12.119-FREY2008SP:12.119","000046450","12.1192008SP","U","2008SP","12.119",09-MAY-08
"12.119-FREY2008SP:12.119","000046451","12.1192008SP","U","2008SP","12.119",09-MAY-08
"12.119-FREY2008SP:12.119","000046452","12.1192008SP","U","2008SP","12.119",09-MAY-08
"12.119-FREY2008SP:12.119","000046596","12.1192008SP","U","2008SP","12.119",09-MAY-08
"12.400-BINZEL2008SP:12.400","000013632","12.4002008SP","U","2008SP","12.400",09-MAY-08
"12.400-BINZEL2008SP:12.400","000027280","12.4002008SP","U","2008SP","12.400",09-MAY-08
"12.409-ELLIOT2008SP:12.409","000004666","12.4092008SP","U","2008SP","12.409",09-MAY-08
"12.510-VANDERHILST2008SP:12.510","000046797","12.5102008SP","U","2008SP","12.510",09-MAY-08
"14.03-JIA2008SP:14.03","000045006","14.032008SP","U","2008SP","14.03",09-MAY-08
"14.03-JIA2008SP:14.03","000045403","14.032008SP","U","2008SP","14.03",09-MAY-08
"14.05-TEMIN2008SP:14.05","000045521","14.052008SP","U","2008SP","14.05",09-MAY-08
"14.05-TEMIN2008SP:14.05","000045969","14.052008SP","U","2008SP","14.05",09-MAY-08
"14.05-TEMIN2008SP:14.05","000047143","14.052008SP","U","2008SP","14.05",09-MAY-08
"14.05-TEMIN2008SP:14.05","000047144","14.052008SP","U","2008SP","14.05",09-MAY-08
"14.124-HOLMSTROM2008SP:14.124","000047149","14.1242008SP","U","2008SP","14.124",09-MAY-08
"14.16-LEAO2008SP:14.16","000047032","14.162008SP","U","2008SP","14.16",09-MAY-08
"14.16-LEAO2008SP:14.16","000047100","14.162008SP","U","2008SP","14.16",09-MAY-08
"14.272-ROSE2008SP:14.272","000046234","14.2722008SP","U","2008SP","14.272",09-MAY-08
"14.272-ROSE2008SP:14.272","000046235","14.2722008SP","U","2008SP","14.272",09-MAY-08
"14.272-ROSE2008SP:14.272","000046236","14.2722008SP","U","2008SP","14.272",09-MAY-08
"14.272-ROSE2008SP:14.272","000046610","14.2722008SP","U","2008SP","14.272",09-MAY-08
"14.32-NEWEY2008SP:14.32","000046731","14.322008SP","U","2008SP","14.32",09-MAY-08
"14.475-GREENSTONE2008SP:14.475","000047010","14.4752008SP","U","2008SP","14.475",09-MAY-08
"14.54-KURLAT2008SP:14.54","000047021","14.542008SP","U","2008SP","14.54",09-MAY-08
"14.64-ANGRIST2008SP:14.64","000045548","14.642008SP","U","2008SP","14.64",09-MAY-08
"14.64-ANGRIST2008SP:14.64","000045549","14.642008SP","U","2008SP","14.64",09-MAY-08
"14.64-ANGRIST2008SP:14.64","000045550","14.642008SP","U","2008SP","14.64",09-MAY-08
"14.64-ANGRIST2008SP:14.64","000045551","14.642008SP","U","2008SP","14.64",09-MAY-08
"14.64-ANGRIST2008SP:14.64","000045552","14.642008SP","U","2008SP","14.64",09-MAY-08
"14.64-ANGRIST2008SP:14.64","000046088","14.642008SP","U","2008SP","14.64",09-MAY-08
"14.64-ANGRIST2008SP:14.64","000046089","14.642008SP","U","2008SP","14.64",09-MAY-08
"14.662-PIORE2008SP:14.662","000046774","14.6622008SP","U","2008SP","14.662",09-MAY-08
"14.662-PIORE2008SP:14.662","000046775","14.6622008SP","U","2008SP","14.662",09-MAY-08
"14.662-PIORE2008SP:14.662","000046776","14.6622008SP","U","2008SP","14.662",09-MAY-08
"14.662-PIORE2008SP:14.662","000046829","14.6622008SP","U","2008SP","14.662",09-MAY-08
"14.662-PIORE2008SP:14.662","000046937","14.6622008SP","U","2008SP","14.662",09-MAY-08
"14.663-AUTOR2008SP:14.663","000046486","14.6632008SP","U","2008SP","14.663",09-MAY-08
"14.663-AUTOR2008SP:14.663","000046487","14.6632008SP","U","2008SP","14.663",09-MAY-08
"14.663-AUTOR2008SP:14.663","000046488","14.6632008SP","U","2008SP","14.663",09-MAY-08
"14.663-AUTOR2008SP:14.663","000046489","14.6632008SP","U","2008SP","14.663",09-MAY-08
"14.663-AUTOR2008SP:14.663","000046490","14.6632008SP","U","2008SP","14.663",09-MAY-08
"14.663-AUTOR2008SP:14.663","000046491","14.6632008SP","U","2008SP","14.663",09-MAY-08
"14.663-AUTOR2008SP:14.663","000046822","14.6632008SP","U","2008SP","14.663",09-MAY-08
"15.012-SURI2008SP:15.012","000045053","15.0122008SP","U","2008SP","15.012",09-MAY-08
"15.012-SURI2008SP:15.012","000045054","15.0122008SP","U","2008SP","15.012",09-MAY-08
"15.012-SURI2008SP:15.012","000045055","15.0122008SP","U","2008SP","15.012",09-MAY-08
"15.012-SURI2008SP:15.012","000046230","15.0122008SP","U","2008SP","15.012",09-MAY-08
"15.012-SURI2008SP:15.012","000046231","15.0122008SP","U","2008SP","15.012",09-MAY-08
"15.025-MCADAMS2008SP:15.025","000045177","15.0252008SP","U","2008SP","15.025",09-MAY-08
"15.025-MCADAMS2008SP:15.025","000045178","15.0252008SP","U","2008SP","15.025",09-MAY-08
"15.025-MCADAMS2008SP:15.025","000045179","15.0252008SP","U","2008SP","15.025",09-MAY-08
"15.025-MCADAMS2008SP:15.025","000045180","15.0252008SP","U","2008SP","15.025",09-MAY-08
"15.025-MCADAMS2008SP:15.025","000045181","15.0252008SP","U","2008SP","15.025",09-MAY-08
"15.025-MCADAMS2008SP:15.025","000045182","15.0252008SP","U","2008SP","15.025",09-MAY-08
"15.025-MCADAMS2008SP:15.025","000045183","15.0252008SP","U","2008SP","15.025",09-MAY-08
"15.025-MCADAMS2008SP:15.025","000045187","15.0252008SP","U","2008SP","15.025",09-MAY-08
"15.025-MCADAMS2008SP:15.025","000045188","15.0252008SP","U","2008SP","15.025",09-MAY-08
"15.025-MCADAMS2008SP:15.025","000045291","15.0252008SP","U","2008SP","15.025",09-MAY-08
"15.025-MCADAMS2008SP:15.025","000045298","15.0252008SP","U","2008SP","15.025",09-MAY-08
"15.025-MCADAMS2008SP:15.025","000045299","15.0252008SP","U","2008SP","15.025",09-MAY-08
"15.025-MCADAMS2008SP:15.025","000045301","15.0252008SP","U","2008SP","15.025",09-MAY-08
"21F.303-CULOT2009FA:21F.303","000047321","21F.3032009FA","Y","2009FA","21F.303",05-DEC-08
"21F.303-CULOT2009FA:21F.303","000047322","21F.3032009FA","Y","2009FA","21F.303",05-DEC-08
"21F.308-CULOT2009FA:21F.308","000047320","21F.3082009FA","Y","2009FA","21F.308",05-DEC-08
"21F.308-CULOT2009FA:21F.308","000047905","21F.3082009FA","U","2009FA","21F.308",05-DEC-08
"21F.308-CULOT2009FA:21F.308","000047906","21F.3082009FA","U","2009FA","21F.308",05-DEC-08
"21F.315-LEVET2009FA:21F.315","000047523","21F.3152009FA","Y","2009FA","21F.315",05-DEC-08
"21F.320-TURK2009FA:21F.320","000047824","21F.3202009FA","U","2009FA","21F.320",05-DEC-08
"21F.351-SADOCK2009FA:21F.351","000048360","21F.3512009FA","Y","2009FA","21F.351",05-DEC-08
"21F.352-CULOT2009FA:21F.352","000048363","21F.3522009FA","Y","2009FA","21F.352",05-DEC-08
"21F.371-SADOCK2009FA:21F.371","000048361","21F.3712009FA","Y","2009FA","21F.371",05-DEC-08
"21F.372-CULOT2009FA:21F.372","000048363","21F.3722009FA","Y","2009FA","21F.372",05-DEC-08
"21F.373-LEVET2009FA:21F.373","000047323","21F.3732009FA","Y","2009FA","21F.373",05-DEC-08
"21F.373-LEVET2009FA:21F.373","000047324","21F.3732009FA","Y","2009FA","21F.373",05-DEC-08
"21F.401-WEISE2009FA:21F.401","000047472","21F.4012009FA","Y","2009FA","21F.401",05-DEC-08
"21F.402-JAEGER2009FA:21F.402","000047471","21F.4022009FA","Y","2009FA","21F.402",05-DEC-08
"21F.402-JAEGER2009FA:21F.402","000047476","21F.4022009FA","Y","2009FA","21F.402",05-DEC-08
"21F.403-CROCKER2009FA:21F.403","000047539","21F.4032009FA","Y","2009FA","21F.403",05-DEC-08
"21F.403-CROCKER2009FA:21F.403","000047540","21F.4032009FA","Y","2009FA","21F.403",05-DEC-08
"21F.403-CROCKER2009FA:21F.403","000047541","21F.4032009FA","U","2009FA","21F.403",05-DEC-08
"21F.403-CROCKER2009FA:21F.403","000047542","21F.4032009FA","U","2009FA","21F.403",05-DEC-08
"21F.404-CROCKER2009FA:21F.404","000047543","21F.4042009FA","Y","2009FA","21F.404",05-DEC-08
"21F.404-CROCKER2009FA:21F.404","000047544","21F.4042009FA","Y","2009FA","21F.404",05-DEC-08
"21F.404-CROCKER2009FA:21F.404","000047545","21F.4042009FA","U","2009FA","21F.404",05-DEC-08
"21F.404-CROCKER2009FA:21F.404","000047546","21F.4042009FA","U","2009FA","21F.404",05-DEC-08
"21F.404-CROCKER2009FA:21F.404","000047547","21F.4042009FA","U","2009FA","21F.404",05-DEC-08
"21F.404-CROCKER2009FA:21F.404","000047548","21F.4042009FA","U","2009FA","21F.404",05-DEC-08
"21F.404-CROCKER2009FA:21F.404","000047549","21F.4042009FA","U","2009FA","21F.404",05-DEC-08
"21F.404-CROCKER2009FA:21F.404","000047550","21F.4042009FA","U","2009FA","21F.404",05-DEC-08
"21F.404-CROCKER2009FA:21F.404","000047551","21F.4042009FA","U","2009FA","21F.404",05-DEC-08
"21F.404-CROCKER2009FA:21F.404","000047552","21F.4042009FA","U","2009FA","21F.404",05-DEC-08
"21F.404-CROCKER2009FA:21F.404","000047553","21F.4042009FA","U","2009FA","21F.404",05-DEC-08
"21F.412-JAEGER2009FA:21F.412","000047508","21F.4122009FA","U","2009FA","21F.412",05-DEC-08
"21F.412-JAEGER2009FA:21F.412","000047509","21F.4122009FA","U","2009FA","21F.412",05-DEC-08
"21F.412-JAEGER2009FA:21F.412","000047510","21F.4122009FA","U","2009FA","21F.412",05-DEC-08
"21F.412-JAEGER2009FA:21F.412","000047511","21F.4122009FA","U","2009FA","21F.412",05-DEC-08
"21F.451-WEISE2009FA:21F.451","000047472","21F.4512009FA","Y","2009FA","21F.451",05-DEC-08
"21F.452-JAEGER2009FA:21F.452","000047473","21F.4522009FA","Y","2009FA","21F.452",05-DEC-08
"21F.452-JAEGER2009FA:21F.452","000047475","21F.4522009FA","Y","2009FA","21F.452",05-DEC-08
"21F.471-WEISE2009FA:21F.471","000047472","21F.4712009FA","Y","2009FA","21F.471",05-DEC-08
"1.002008SU:1.00","000047355","1.002008SU","N","2008SU","1.00",01-AUG-08
"11.013J/21.H231J2008SU:11.013","000001920","11.0132008SU","U","2008SU","11.013",01-AUG-08
"11.013J/21.H231J2008SU:11.013","000001921","11.0132008SU","U","2008SU","11.013",01-AUG-08
"11.013J/21.H231J2008SU:11.013","000001922","11.0132008SU","U","2008SU","11.013",01-AUG-08
"11.013J/21.H231J2008SU:11.013","000001923","11.0132008SU","U","2008SU","11.013",01-AUG-08
"11.013J/21.H231J2008SU:11.013","000001927","11.0132008SU","U","2008SU","11.013",01-AUG-08
"11.013J/21.H231J2008SU:11.013","000001928","11.0132008SU","U","2008SU","11.013",01-AUG-08
"11.013J/21.H231J2008SU:11.013","000001929","11.0132008SU","U","2008SU","11.013",01-AUG-08
"11.013J/21.H231J2008SU:11.013","000001930","11.0132008SU","U","2008SU","11.013",01-AUG-08
"11.013J/21.H231J2008SU:11.013","000001931","11.0132008SU","U","2008SU","11.013",01-AUG-08
"11.013J/21.H231J2008SU:11.013","000001932","11.0132008SU","U","2008SU","11.013",01-AUG-08
"11.013J/21.H231J2008SU:11.013","000002553","11.0132008SU","U","2008SU","11.013",01-AUG-08
"11.013J/21.H231J2008SU:11.013","000004161","11.0132008SU","U","2008SU","11.013",01-AUG-08
"11.013J/21.H231J2008SU:11.013","000021043","11.0132008SU","U","2008SU","11.013",01-AUG-08
"11.013J/21.H231J2008SU:11.013","000021044","11.0132008SU","U","2008SU","11.013",01-AUG-08
"11.013J/21.H231J2008SU:11.013","000021045","11.0132008SU","U","2008SU","11.013",01-AUG-08
"11.013J/21.H231J2008SU:11.013","000021050","11.0132008SU","U","2008SU","11.013",01-AUG-08
"11.013J/21.H231J2008SU:11.013","000021438","11.0132008SU","U","2008SU","11.013",01-AUG-08
"11.013J/21.H231J2008SU:11.013","000022041","11.0132008SU","U","2008SU","11.013",01-AUG-08
